-- phpMyAdmin SQL Dump
-- version 4.8.4
-- https://www.phpmyadmin.net/
--
-- Servidor: 127.0.0.1:3306
-- Tiempo de generación: 04-02-2019 a las 02:48:47
-- Versión del servidor: 5.7.24
-- Versión de PHP: 7.2.14

SET SQL_MODE = "NO_AUTO_VALUE_ON_ZERO";
SET AUTOCOMMIT = 0;
START TRANSACTION;
SET time_zone = "+00:00";


/*!40101 SET @OLD_CHARACTER_SET_CLIENT=@@CHARACTER_SET_CLIENT */;
/*!40101 SET @OLD_CHARACTER_SET_RESULTS=@@CHARACTER_SET_RESULTS */;
/*!40101 SET @OLD_COLLATION_CONNECTION=@@COLLATION_CONNECTION */;
/*!40101 SET NAMES utf8mb4 */;

--
-- Base de datos: `farmacia`
--

-- --------------------------------------------------------

--
-- Estructura de tabla para la tabla `categoria`
--

DROP TABLE IF EXISTS `categoria`;
CREATE TABLE IF NOT EXISTS `categoria` (
  `id_categoria` int(11) NOT NULL AUTO_INCREMENT,
  `categoria` varchar(45) COLLATE utf8_spanish_ci DEFAULT NULL,
  PRIMARY KEY (`id_categoria`)
) ENGINE=InnoDB AUTO_INCREMENT=4 DEFAULT CHARSET=utf8 COLLATE=utf8_spanish_ci;

--
-- Volcado de datos para la tabla `categoria`
--

INSERT INTO `categoria` (`id_categoria`, `categoria`) VALUES
(1, 'ASEO PERSONAL'),
(2, 'PRODUCTOS DENTALES'),
(3, 'DENTRIFICOS');

-- --------------------------------------------------------

--
-- Estructura de tabla para la tabla `categoria_producto`
--

DROP TABLE IF EXISTS `categoria_producto`;
CREATE TABLE IF NOT EXISTS `categoria_producto` (
  `id_categoria` int(11) NOT NULL,
  `id_producto` int(11) NOT NULL,
  KEY `id_categoria` (`id_categoria`),
  KEY `id_producto` (`id_producto`)
) ENGINE=InnoDB DEFAULT CHARSET=utf8 COLLATE=utf8_spanish_ci;

-- --------------------------------------------------------

--
-- Estructura de tabla para la tabla `ciudad`
--

DROP TABLE IF EXISTS `ciudad`;
CREATE TABLE IF NOT EXISTS `ciudad` (
  `id_ciudad` int(11) NOT NULL AUTO_INCREMENT,
  `ciudad` varchar(100) COLLATE utf8_spanish_ci NOT NULL,
  `id_municipio` varchar(4) COLLATE utf8_spanish_ci NOT NULL,
  PRIMARY KEY (`id_ciudad`),
  KEY `ciudad_ibfk_1` (`id_municipio`)
) ENGINE=InnoDB AUTO_INCREMENT=2 DEFAULT CHARSET=utf8 COLLATE=utf8_spanish_ci;

--
-- Volcado de datos para la tabla `ciudad`
--

INSERT INTO `ciudad` (`id_ciudad`, `ciudad`, `id_municipio`) VALUES
(1, 'Tegucigalpa', '0801');

-- --------------------------------------------------------

--
-- Estructura de tabla para la tabla `cliente`
--

DROP TABLE IF EXISTS `cliente`;
CREATE TABLE IF NOT EXISTS `cliente` (
  `id_cliente` int(11) NOT NULL AUTO_INCREMENT,
  `fecha_registro` date NOT NULL,
  `id_persona` int(11) NOT NULL,
  PRIMARY KEY (`id_cliente`),
  UNIQUE KEY `cliente_uq` (`id_persona`)
) ENGINE=InnoDB AUTO_INCREMENT=476 DEFAULT CHARSET=utf8 COLLATE=utf8_spanish_ci;

--
-- Volcado de datos para la tabla `cliente`
--

INSERT INTO `cliente` (`id_cliente`, `fecha_registro`, `id_persona`) VALUES
(1, '2019-01-12', 31),
(2, '2019-01-12', 32),
(3, '2019-01-12', 33),
(4, '2019-01-12', 34),
(5, '2019-01-12', 35),
(6, '2019-01-12', 36),
(7, '2019-01-12', 37),
(8, '2019-01-12', 38),
(9, '2019-01-12', 39),
(10, '2019-01-12', 40),
(11, '2019-01-12', 41),
(12, '2019-01-12', 42),
(13, '2019-01-12', 43),
(14, '2019-01-12', 44),
(15, '2019-01-12', 45),
(16, '2019-01-12', 46),
(17, '2019-01-12', 47),
(18, '2019-01-12', 48),
(19, '2019-01-12', 49),
(20, '2019-01-12', 50),
(21, '2019-01-12', 51),
(22, '2019-01-12', 52),
(23, '2019-01-12', 53),
(24, '2019-01-12', 54),
(25, '2019-01-12', 55),
(26, '2019-01-12', 56),
(27, '2019-01-12', 57),
(28, '2019-01-12', 58),
(29, '2019-01-12', 59),
(30, '2019-01-12', 60),
(31, '2019-01-12', 61),
(32, '2019-01-12', 62),
(33, '2019-01-12', 63),
(34, '2019-01-12', 64),
(35, '2019-01-12', 65),
(36, '2019-01-12', 66),
(37, '2019-01-12', 67),
(38, '2019-01-12', 68),
(39, '2019-01-12', 69),
(40, '2019-01-12', 70),
(41, '2019-01-12', 71),
(42, '2019-01-12', 72),
(43, '2019-01-12', 73),
(44, '2019-01-12', 74),
(45, '2019-01-12', 75),
(46, '2019-01-12', 76),
(47, '2019-01-12', 77),
(48, '2019-01-12', 78),
(49, '2019-01-12', 79),
(50, '2019-01-12', 80),
(51, '2019-01-12', 81),
(52, '2019-01-12', 82),
(53, '2019-01-12', 83),
(54, '2019-01-12', 84),
(55, '2019-01-12', 85),
(56, '2019-01-12', 86),
(57, '2019-01-12', 87),
(58, '2019-01-12', 88),
(59, '2019-01-12', 89),
(60, '2019-01-12', 90),
(61, '2019-01-12', 91),
(62, '2019-01-12', 92),
(63, '2019-01-12', 93),
(64, '2019-01-12', 94),
(65, '2019-01-12', 95),
(66, '2019-01-12', 96),
(67, '2019-01-12', 97),
(68, '2019-01-12', 98),
(69, '2019-01-12', 99),
(70, '2019-01-12', 100),
(71, '2019-01-12', 101),
(72, '2019-01-12', 102),
(73, '2019-01-12', 103),
(74, '2019-01-12', 104),
(75, '2019-01-12', 105),
(76, '2019-01-12', 106),
(77, '2019-01-12', 107),
(78, '2019-01-12', 108),
(79, '2019-01-12', 109),
(80, '2019-01-12', 110),
(81, '2019-01-12', 111),
(82, '2019-01-12', 112),
(83, '2019-01-12', 113),
(84, '2019-01-12', 114),
(85, '2019-01-12', 115),
(86, '2019-01-12', 116),
(87, '2019-01-12', 117),
(88, '2019-01-12', 118),
(89, '2019-01-12', 119),
(90, '2019-01-12', 120),
(91, '2019-01-12', 121),
(92, '2019-01-12', 122),
(93, '2019-01-12', 123),
(94, '2019-01-12', 124),
(95, '2019-01-12', 125),
(96, '2019-01-12', 126),
(97, '2019-01-12', 127),
(98, '2019-01-12', 128),
(99, '2019-01-12', 129),
(100, '2019-01-12', 130),
(101, '2019-01-12', 131),
(102, '2019-01-12', 132),
(103, '2019-01-12', 133),
(104, '2019-01-12', 134),
(105, '2019-01-12', 135),
(106, '2019-01-12', 136),
(107, '2019-01-12', 137),
(108, '2019-01-12', 138),
(109, '2019-01-12', 139),
(110, '2019-01-12', 140),
(111, '2019-01-12', 141),
(112, '2019-01-12', 142),
(113, '2019-01-12', 143),
(114, '2019-01-12', 144),
(115, '2019-01-12', 145),
(116, '2019-01-12', 146),
(117, '2019-01-12', 147),
(118, '2019-01-12', 148),
(119, '2019-01-12', 149),
(120, '2019-01-12', 150),
(121, '2019-01-12', 151),
(122, '2019-01-12', 152),
(123, '2019-01-12', 153),
(124, '2019-01-12', 154),
(125, '2019-01-12', 155),
(126, '2019-01-12', 156),
(127, '2019-01-12', 157),
(128, '2019-01-12', 158),
(129, '2019-01-12', 159),
(130, '2019-01-12', 160),
(131, '2019-01-12', 161),
(132, '2019-01-12', 162),
(133, '2019-01-12', 163),
(134, '2019-01-12', 164),
(135, '2019-01-12', 165),
(136, '2019-01-12', 166),
(137, '2019-01-12', 167),
(138, '2019-01-12', 168),
(139, '2019-01-12', 169),
(140, '2019-01-12', 170),
(141, '2019-01-12', 171),
(142, '2019-01-12', 172),
(143, '2019-01-12', 173),
(144, '2019-01-12', 174),
(145, '2019-01-12', 175),
(146, '2019-01-12', 176),
(147, '2019-01-12', 177),
(148, '2019-01-12', 178),
(149, '2019-01-12', 179),
(150, '2019-01-12', 180),
(151, '2019-01-12', 181),
(152, '2019-01-12', 182),
(153, '2019-01-12', 183),
(154, '2019-01-12', 184),
(155, '2019-01-12', 185),
(156, '2019-01-12', 186),
(157, '2019-01-12', 187),
(158, '2019-01-12', 188),
(159, '2019-01-12', 189),
(160, '2019-01-12', 190),
(161, '2019-01-12', 191),
(162, '2019-01-12', 192),
(163, '2019-01-12', 193),
(164, '2019-01-12', 194),
(165, '2019-01-12', 195),
(166, '2019-01-12', 196),
(167, '2019-01-12', 197),
(168, '2019-01-12', 198),
(169, '2019-01-12', 199),
(170, '2019-01-12', 200),
(171, '2019-01-12', 201),
(172, '2019-01-12', 202),
(173, '2019-01-12', 203),
(174, '2019-01-12', 204),
(175, '2019-01-12', 205),
(176, '2019-01-12', 206),
(177, '2019-01-12', 207),
(178, '2019-01-12', 208),
(179, '2019-01-12', 209),
(180, '2019-01-12', 210),
(181, '2019-01-12', 211),
(182, '2019-01-12', 212),
(183, '2019-01-12', 213),
(184, '2019-01-12', 214),
(185, '2019-01-12', 215),
(186, '2019-01-12', 216),
(187, '2019-01-12', 217),
(188, '2019-01-12', 218),
(189, '2019-01-12', 219),
(190, '2019-01-12', 220),
(191, '2019-01-12', 221),
(192, '2019-01-12', 222),
(193, '2019-01-12', 223),
(194, '2019-01-12', 224),
(195, '2019-01-12', 225),
(196, '2019-01-12', 226),
(197, '2019-01-12', 227),
(198, '2019-01-12', 228),
(199, '2019-01-12', 229),
(200, '2019-01-12', 230),
(201, '2019-01-12', 231),
(202, '2019-01-12', 232),
(203, '2019-01-12', 233),
(204, '2019-01-12', 234),
(205, '2019-01-12', 235),
(206, '2019-01-12', 236),
(207, '2019-01-12', 237),
(208, '2019-01-12', 238),
(209, '2019-01-12', 239),
(210, '2019-01-12', 240),
(211, '2019-01-12', 241),
(212, '2019-01-12', 242),
(213, '2019-01-12', 243),
(214, '2019-01-12', 244),
(215, '2019-01-12', 245),
(216, '2019-01-12', 246),
(217, '2019-01-12', 247),
(218, '2019-01-12', 248),
(219, '2019-01-12', 249),
(220, '2019-01-12', 250),
(221, '2019-01-12', 251),
(222, '2019-01-12', 252),
(223, '2019-01-12', 253),
(224, '2019-01-12', 254),
(225, '2019-01-12', 255),
(226, '2019-01-12', 256),
(227, '2019-01-12', 257),
(228, '2019-01-12', 258),
(229, '2019-01-12', 259),
(230, '2019-01-12', 260),
(231, '2019-01-12', 261),
(232, '2019-01-12', 262),
(233, '2019-01-12', 263),
(234, '2019-01-12', 264),
(235, '2019-01-12', 265),
(236, '2019-01-12', 266),
(237, '2019-01-12', 267),
(238, '2019-01-12', 268),
(239, '2019-01-12', 269),
(240, '2019-01-12', 270),
(241, '2019-01-12', 271),
(242, '2019-01-12', 272),
(243, '2019-01-12', 273),
(244, '2019-01-12', 274),
(245, '2019-01-12', 275),
(246, '2019-01-12', 276),
(247, '2019-01-12', 277),
(248, '2019-01-12', 278),
(249, '2019-01-12', 279),
(250, '2019-01-12', 280),
(251, '2019-01-12', 281),
(252, '2019-01-12', 282),
(253, '2019-01-12', 283),
(254, '2019-01-12', 284),
(255, '2019-01-12', 285),
(256, '2019-01-12', 286),
(257, '2019-01-12', 287),
(258, '2019-01-12', 288),
(259, '2019-01-12', 289),
(260, '2019-01-12', 290),
(261, '2019-01-12', 291),
(262, '2019-01-12', 292),
(263, '2019-01-12', 293),
(264, '2019-01-12', 294),
(265, '2019-01-12', 295),
(266, '2019-01-12', 296),
(267, '2019-01-12', 297),
(268, '2019-01-12', 298),
(269, '2019-01-12', 299),
(270, '2019-01-12', 300),
(271, '2019-01-12', 301),
(272, '2019-01-12', 302),
(273, '2019-01-12', 303),
(274, '2019-01-12', 304),
(275, '2019-01-12', 305),
(276, '2019-01-12', 306),
(277, '2019-01-12', 307),
(278, '2019-01-12', 308),
(279, '2019-01-12', 309),
(280, '2019-01-12', 310),
(281, '2019-01-12', 311),
(282, '2019-01-12', 312),
(283, '2019-01-12', 313),
(284, '2019-01-12', 314),
(285, '2019-01-12', 315),
(286, '2019-01-12', 316),
(287, '2019-01-12', 317),
(288, '2019-01-12', 318),
(289, '2019-01-12', 319),
(290, '2019-01-12', 320),
(291, '2019-01-12', 321),
(292, '2019-01-12', 322),
(293, '2019-01-12', 323),
(294, '2019-01-12', 324),
(295, '2019-01-12', 325),
(296, '2019-01-12', 326),
(297, '2019-01-12', 327),
(298, '2019-01-12', 328),
(299, '2019-01-12', 329),
(300, '2019-01-12', 330),
(301, '2019-01-12', 331),
(302, '2019-01-12', 332),
(303, '2019-01-12', 333),
(304, '2019-01-12', 334),
(305, '2019-01-12', 335),
(306, '2019-01-12', 336),
(307, '2019-01-12', 337),
(308, '2019-01-12', 338),
(309, '2019-01-12', 339),
(310, '2019-01-12', 340),
(311, '2019-01-12', 341),
(312, '2019-01-12', 342),
(313, '2019-01-12', 343),
(314, '2019-01-12', 344),
(315, '2019-01-12', 345),
(316, '2019-01-12', 346),
(317, '2019-01-12', 347),
(318, '2019-01-12', 348),
(319, '2019-01-12', 349),
(320, '2019-01-12', 350),
(321, '2019-01-12', 351),
(322, '2019-01-12', 352),
(323, '2019-01-12', 353),
(324, '2019-01-12', 354),
(325, '2019-01-12', 355),
(326, '2019-01-12', 356),
(327, '2019-01-12', 357),
(328, '2019-01-12', 358),
(329, '2019-01-12', 359),
(330, '2019-01-12', 360),
(331, '2019-01-12', 361),
(332, '2019-01-12', 362),
(333, '2019-01-12', 363),
(334, '2019-01-12', 364),
(335, '2019-01-12', 365),
(336, '2019-01-12', 366),
(337, '2019-01-12', 367),
(338, '2019-01-12', 368),
(339, '2019-01-12', 369),
(340, '2019-01-12', 370),
(341, '2019-01-12', 371),
(342, '2019-01-12', 372),
(343, '2019-01-12', 373),
(344, '2019-01-12', 374),
(345, '2019-01-12', 375),
(346, '2019-01-12', 376),
(347, '2019-01-12', 377),
(348, '2019-01-12', 378),
(349, '2019-01-12', 379),
(350, '2019-01-12', 380),
(351, '2019-01-12', 381),
(352, '2019-01-12', 382),
(353, '2019-01-12', 383),
(354, '2019-01-12', 384),
(355, '2019-01-12', 385),
(356, '2019-01-12', 386),
(357, '2019-01-12', 387),
(358, '2019-01-12', 388),
(359, '2019-01-12', 389),
(360, '2019-01-12', 390),
(361, '2019-01-12', 391),
(362, '2019-01-12', 392),
(363, '2019-01-12', 393),
(364, '2019-01-12', 394),
(365, '2019-01-12', 395),
(366, '2019-01-12', 396),
(367, '2019-01-12', 397),
(368, '2019-01-12', 398),
(369, '2019-01-12', 399),
(370, '2019-01-12', 400),
(371, '2019-01-12', 401),
(372, '2019-01-12', 402),
(373, '2019-01-12', 403),
(374, '2019-01-12', 404),
(375, '2019-01-12', 405),
(376, '2019-01-12', 406),
(377, '2019-01-12', 407),
(378, '2019-01-12', 408),
(379, '2019-01-12', 409),
(380, '2019-01-12', 410),
(381, '2019-01-12', 411),
(382, '2019-01-12', 412),
(383, '2019-01-12', 413),
(384, '2019-01-12', 414),
(385, '2019-01-12', 415),
(386, '2019-01-12', 416),
(387, '2019-01-12', 417),
(388, '2019-01-12', 418),
(389, '2019-01-12', 419),
(390, '2019-01-12', 420),
(391, '2019-01-12', 421),
(392, '2019-01-12', 422),
(393, '2019-01-12', 423),
(394, '2019-01-12', 424),
(395, '2019-01-12', 425),
(396, '2019-01-12', 426),
(397, '2019-01-12', 427),
(398, '2019-01-12', 428),
(399, '2019-01-12', 429),
(400, '2019-01-12', 430),
(401, '2019-01-12', 431),
(402, '2019-01-12', 432),
(403, '2019-01-12', 433),
(404, '2019-01-12', 434),
(405, '2019-01-12', 435),
(406, '2019-01-12', 436),
(407, '2019-01-12', 437),
(408, '2019-01-12', 438),
(409, '2019-01-12', 439),
(410, '2019-01-12', 440),
(411, '2019-01-12', 441),
(412, '2019-01-12', 442),
(413, '2019-01-12', 443),
(414, '2019-01-12', 444),
(415, '2019-01-12', 445),
(416, '2019-01-12', 446),
(417, '2019-01-12', 447),
(418, '2019-01-12', 448),
(419, '2019-01-12', 449),
(420, '2019-01-12', 450),
(421, '2019-01-12', 451),
(422, '2019-01-12', 452),
(423, '2019-01-12', 453),
(424, '2019-01-12', 454),
(425, '2019-01-12', 455),
(426, '2019-01-12', 456),
(427, '2019-01-12', 457),
(428, '2019-01-12', 458),
(429, '2019-01-12', 459),
(430, '2019-01-12', 460),
(431, '2019-01-12', 461),
(432, '2019-01-12', 462),
(433, '2019-01-12', 463),
(434, '2019-01-12', 464),
(435, '2019-01-12', 465),
(436, '2019-01-12', 466),
(437, '2019-01-12', 467),
(438, '2019-01-12', 468),
(439, '2019-01-12', 469),
(440, '2019-01-12', 470),
(441, '2019-01-12', 471),
(442, '2019-01-12', 472),
(443, '2019-01-12', 473),
(444, '2019-01-12', 474),
(445, '2019-01-12', 475),
(446, '2019-01-12', 476),
(447, '2019-01-12', 477),
(448, '2019-01-12', 478),
(449, '2019-01-12', 479),
(450, '2019-01-12', 480),
(451, '2019-01-12', 481),
(452, '2019-01-12', 482),
(453, '2019-01-12', 483),
(454, '2019-01-12', 484),
(455, '2019-01-12', 485),
(456, '2019-01-12', 486),
(457, '2019-01-12', 487),
(458, '2019-01-12', 488),
(459, '2019-01-12', 489),
(460, '2019-01-12', 490),
(461, '2019-01-12', 491),
(462, '2019-01-12', 492),
(463, '2019-01-12', 493),
(464, '2019-01-12', 494),
(465, '2019-01-12', 495),
(466, '2019-01-12', 496),
(467, '2019-01-12', 497),
(468, '2019-01-12', 498),
(469, '2019-01-12', 499),
(470, '2019-01-12', 500);

-- --------------------------------------------------------

--
-- Estructura de tabla para la tabla `departamento`
--

DROP TABLE IF EXISTS `departamento`;
CREATE TABLE IF NOT EXISTS `departamento` (
  `id_departamento` varchar(2) COLLATE utf8_spanish_ci NOT NULL,
  `departamento` varchar(100) COLLATE utf8_spanish_ci NOT NULL,
  PRIMARY KEY (`id_departamento`)
) ENGINE=InnoDB DEFAULT CHARSET=utf8 COLLATE=utf8_spanish_ci;

--
-- Volcado de datos para la tabla `departamento`
--

INSERT INTO `departamento` (`id_departamento`, `departamento`) VALUES
('01', 'Atlántida'),
('02', 'Colón'),
('03', 'Comayagua'),
('04', 'Copán'),
('05', 'Cortés'),
('06', 'Choluteca'),
('07', 'El Paraíso'),
('08', 'Francisco Morazán'),
('09', 'Gracias a Dios'),
('10', 'Intibucá'),
('11', 'Islas de la Bahía'),
('12', 'La Paz'),
('13', 'Lempira'),
('14', 'Ocotepeque'),
('15', 'Olancho'),
('16', 'Santa Bárbara'),
('17', 'Valle'),
('18', 'Yoro');

-- --------------------------------------------------------

--
-- Estructura de tabla para la tabla `descuento`
--

DROP TABLE IF EXISTS `descuento`;
CREATE TABLE IF NOT EXISTS `descuento` (
  `id_descuento` int(11) NOT NULL AUTO_INCREMENT,
  `descripcion` varchar(45) COLLATE utf8_spanish_ci NOT NULL,
  `porcentaje` int(11) NOT NULL,
  `estado` varchar(1) COLLATE utf8_spanish_ci NOT NULL,
  `fecha_inicio` date NOT NULL,
  `fecha_fin` date NOT NULL,
  PRIMARY KEY (`id_descuento`)
) ENGINE=InnoDB DEFAULT CHARSET=utf8 COLLATE=utf8_spanish_ci;

-- --------------------------------------------------------

--
-- Estructura de tabla para la tabla `descuento_lote`
--

DROP TABLE IF EXISTS `descuento_lote`;
CREATE TABLE IF NOT EXISTS `descuento_lote` (
  `id_lote` int(11) NOT NULL,
  `id_descuento` int(11) NOT NULL,
  KEY `id_lote` (`id_lote`),
  KEY `id_descuento` (`id_descuento`)
) ENGINE=InnoDB DEFAULT CHARSET=utf8 COLLATE=utf8_spanish_ci;

-- --------------------------------------------------------

--
-- Estructura de tabla para la tabla `detalle_factura`
--

DROP TABLE IF EXISTS `detalle_factura`;
CREATE TABLE IF NOT EXISTS `detalle_factura` (
  `id_factura` int(11) NOT NULL,
  `cantidad` int(11) NOT NULL,
  `id_lote` int(11) NOT NULL,
  KEY `id_factura` (`id_factura`),
  KEY `id_lote` (`id_lote`)
) ENGINE=InnoDB DEFAULT CHARSET=utf8 COLLATE=utf8_spanish_ci;

--
-- Volcado de datos para la tabla `detalle_factura`
--

INSERT INTO `detalle_factura` (`id_factura`, `cantidad`, `id_lote`) VALUES
(1, 158, 5),
(2, 1195, 20),
(3, 1246, 24),
(4, 496, 43),
(5, 142, 44),
(6, 913, 51),
(7, 1186, 55),
(8, 683, 57),
(9, 1029, 59),
(10, 1788, 65),
(11, 647, 68),
(12, 291, 75),
(13, 657, 76),
(14, 688, 77),
(15, 21, 82),
(16, 1484, 84),
(17, 1129, 90),
(18, 989, 98),
(19, 223, 99),
(20, 438, 106),
(21, 1719, 108),
(22, 615, 114),
(23, 1549, 131),
(24, 269, 144),
(25, 1307, 164),
(26, 976, 165),
(27, 636, 166),
(28, 1289, 168),
(29, 660, 173),
(30, 992, 175),
(31, 596, 191),
(32, 681, 202),
(33, 19, 212),
(34, 1110, 216),
(35, 2100, 236),
(36, 6, 246),
(37, 164, 252),
(38, 909, 258),
(39, 1320, 271),
(40, 1886, 272),
(41, 1287, 283),
(42, 98, 306),
(43, 218, 322),
(44, 823, 337),
(45, 995, 341),
(46, 10, 359),
(47, 379, 364),
(48, 161, 379),
(49, 316, 393),
(50, 861, 396),
(51, 433, 398),
(52, 1295, 405);

-- --------------------------------------------------------

--
-- Estructura de tabla para la tabla `detalle_movimiento`
--

DROP TABLE IF EXISTS `detalle_movimiento`;
CREATE TABLE IF NOT EXISTS `detalle_movimiento` (
  `id_movimiento` int(11) NOT NULL,
  `cantidad` int(11) NOT NULL,
  `id_lote` int(11) NOT NULL,
  KEY `id_movimiento` (`id_movimiento`),
  KEY `id_lote` (`id_lote`)
) ENGINE=InnoDB DEFAULT CHARSET=utf8 COLLATE=utf8_spanish_ci;

--
-- Volcado de datos para la tabla `detalle_movimiento`
--

INSERT INTO `detalle_movimiento` (`id_movimiento`, `cantidad`, `id_lote`) VALUES
(4, 81, 10),
(4, 100, 43),
(4, 100, 65),
(4, 93, 90),
(4, 92, 91),
(4, 52, 122),
(4, 62, 130),
(4, 61, 136),
(4, 96, 144),
(4, 88, 157),
(4, 70, 165),
(4, 67, 168),
(4, 68, 174),
(4, 68, 184),
(4, 92, 190),
(4, 67, 191),
(4, 65, 199),
(4, 85, 244),
(4, 69, 256),
(4, 93, 272),
(4, 88, 283),
(4, 69, 290),
(4, 63, 306),
(4, 88, 337),
(4, 61, 341),
(4, 90, 379),
(4, 79, 393),
(4, 60, 396),
(5, 94, 4),
(5, 63, 14),
(5, 93, 20),
(5, 70, 22),
(5, 51, 24),
(5, 52, 25),
(5, 77, 30),
(5, 83, 32),
(5, 52, 35),
(5, 54, 37),
(5, 66, 40),
(5, 98, 44),
(5, 92, 52),
(5, 95, 55),
(5, 75, 57),
(5, 76, 59),
(5, 58, 65),
(5, 101, 66),
(5, 66, 69),
(5, 76, 75),
(5, 63, 77),
(5, 85, 78),
(5, 81, 82),
(5, 59, 83),
(5, 83, 85),
(5, 53, 88),
(5, 58, 93),
(5, 86, 96),
(5, 76, 101),
(5, 97, 104),
(5, 76, 106),
(5, 82, 108),
(5, 57, 109),
(5, 62, 113),
(1, 633, 51),
(1, 126, 272),
(5, 77, 122),
(5, 91, 124),
(1, 939, 364),
(1, 40, 236),
(5, 96, 129),
(5, 92, 130),
(1, 270, 271),
(5, 92, 133),
(1, 1195, 173),
(1, 1510, 43),
(1, 1016, 57),
(1, 818, 5),
(5, 82, 140),
(5, 75, 142),
(1, 346, 283),
(5, 52, 147),
(5, 98, 149),
(5, 65, 151),
(1, 1628, 252),
(5, 90, 156),
(5, 59, 157),
(5, 78, 162),
(5, 73, 164),
(1, 362, 175),
(5, 64, 166),
(5, 89, 167),
(1, 1635, 246),
(5, 95, 169),
(1, 656, 75),
(5, 75, 171),
(5, 99, 173),
(1, 932, 166),
(5, 84, 175),
(5, 83, 176),
(5, 75, 184),
(5, 86, 185),
(5, 61, 187),
(1, 1019, 359),
(5, 66, 190),
(1, 187, 164),
(1, 406, 20),
(5, 76, 196),
(1, 817, 76),
(1, 444, 106),
(5, 59, 199),
(5, 57, 200),
(1, 848, 68),
(1, 752, 396),
(1, 632, 258),
(5, 68, 206),
(5, 99, 207),
(5, 66, 208),
(1, 341, 341),
(1, 1587, 322),
(5, 69, 212),
(5, 60, 214),
(5, 70, 216),
(5, 57, 218),
(5, 72, 220),
(1, 565, 405),
(5, 97, 225),
(1, 506, 84),
(1, 1080, 379),
(5, 81, 231),
(1, 1298, 337),
(1, 793, 114),
(1, 83, 108),
(5, 95, 237),
(5, 75, 238),
(5, 81, 241),
(5, 99, 244),
(5, 84, 245),
(5, 96, 252),
(5, 80, 260),
(5, 84, 264),
(5, 60, 265),
(5, 91, 267),
(5, 60, 272),
(5, 58, 280),
(5, 69, 283),
(5, 88, 285),
(5, 84, 286),
(5, 86, 287),
(5, 98, 288),
(5, 97, 292),
(5, 55, 294),
(5, 91, 296),
(5, 64, 299),
(5, 68, 301),
(5, 68, 303),
(5, 93, 312),
(5, 59, 318),
(5, 67, 320),
(5, 76, 321),
(5, 69, 325),
(5, 100, 327),
(5, 61, 331),
(5, 87, 333),
(5, 82, 336),
(5, 64, 337),
(5, 79, 340),
(5, 80, 343),
(5, 62, 345),
(5, 73, 348),
(5, 90, 352),
(5, 98, 356),
(5, 100, 357),
(5, 64, 359),
(5, 84, 363),
(5, 53, 367),
(5, 79, 372),
(5, 89, 375),
(5, 89, 378),
(5, 70, 381),
(5, 96, 386),
(5, 93, 398),
(5, 59, 400),
(5, 93, 403),
(5, 73, 405),
(10, 77, 6),
(10, 59, 14),
(10, 95, 18),
(10, 94, 24),
(10, 85, 27),
(10, 64, 28),
(10, 60, 32),
(10, 97, 33),
(10, 72, 35),
(10, 85, 36),
(10, 63, 37),
(10, 51, 41),
(10, 76, 43),
(10, 88, 44),
(10, 68, 46),
(10, 78, 49),
(10, 70, 51),
(10, 62, 52),
(10, 82, 54),
(10, 54, 55),
(10, 83, 59),
(10, 101, 65),
(10, 76, 66),
(10, 62, 67),
(10, 87, 73),
(10, 58, 75),
(10, 76, 77),
(10, 98, 78),
(10, 51, 79),
(10, 56, 82),
(10, 51, 83),
(10, 70, 84),
(10, 99, 86),
(10, 96, 90),
(10, 78, 93),
(10, 89, 101),
(10, 57, 103),
(10, 62, 104),
(10, 96, 122),
(10, 93, 127),
(10, 83, 129),
(10, 94, 130),
(10, 51, 134),
(10, 88, 136),
(10, 86, 139),
(10, 53, 140),
(10, 79, 142),
(1, 173, 59),
(10, 85, 147),
(1, 429, 65),
(1, 332, 98),
(10, 69, 155),
(10, 94, 156),
(10, 61, 157),
(10, 79, 162),
(1, 1615, 44),
(10, 96, 165),
(10, 51, 166),
(1, 1524, 82),
(1, 875, 306),
(10, 68, 171),
(1, 406, 202),
(1, 1041, 77),
(10, 76, 175),
(1, 134, 131),
(1, 1179, 212),
(10, 98, 185),
(1, 1205, 398),
(10, 82, 189),
(10, 90, 190),
(10, 97, 191),
(1, 875, 165),
(1, 1015, 90),
(1, 584, 216),
(1, 1646, 144),
(1, 316, 168),
(1, 1601, 393),
(1, 1990, 99),
(10, 90, 203),
(10, 79, 205),
(10, 54, 207),
(1, 483, 24),
(10, 98, 209),
(1, 1170, 191),
(1, 206, 55),
(10, 82, 214),
(10, 70, 218),
(10, 85, 225),
(10, 65, 226),
(10, 88, 228),
(10, 83, 233),
(10, 65, 234),
(10, 64, 237),
(10, 69, 238),
(10, 54, 247),
(10, 72, 251),
(10, 53, 252),
(10, 59, 256),
(10, 98, 260),
(10, 85, 264),
(10, 97, 265),
(10, 67, 271),
(10, 56, 273),
(10, 59, 280),
(10, 51, 281),
(10, 53, 283),
(10, 77, 285),
(10, 65, 286),
(10, 76, 287),
(10, 68, 290),
(10, 78, 291),
(10, 70, 298),
(10, 77, 301),
(10, 53, 307),
(10, 99, 312),
(10, 64, 320),
(10, 84, 322),
(10, 85, 323),
(10, 74, 324),
(10, 54, 337),
(10, 66, 338),
(10, 76, 340),
(10, 101, 343),
(10, 93, 345),
(10, 62, 346),
(10, 59, 351),
(10, 57, 352),
(10, 88, 356),
(10, 58, 359),
(10, 80, 361),
(10, 98, 364),
(10, 81, 389),
(10, 58, 393),
(10, 60, 395),
(10, 80, 396),
(10, 82, 397),
(10, 51, 398),
(10, 84, 403),
(10, 63, 404),
(10, 51, 405),
(12, 80, 5),
(12, 55, 9),
(12, 58, 18),
(12, 79, 32),
(12, 60, 33),
(12, 89, 41),
(12, 53, 43),
(12, 77, 44),
(12, 83, 51),
(12, 66, 55),
(12, 77, 67),
(12, 66, 69),
(12, 91, 76),
(12, 90, 77),
(12, 94, 84),
(12, 73, 87),
(12, 77, 90),
(12, 91, 99),
(12, 56, 101),
(12, 89, 108),
(12, 86, 113),
(12, 96, 114),
(12, 69, 122),
(12, 72, 129),
(12, 75, 131),
(12, 74, 136),
(12, 95, 139),
(12, 101, 162),
(12, 76, 165),
(12, 97, 168),
(12, 69, 169),
(12, 82, 184),
(12, 53, 191),
(12, 52, 197),
(12, 61, 198),
(12, 67, 205),
(12, 99, 209),
(12, 56, 214),
(12, 93, 224),
(12, 54, 228),
(12, 101, 236),
(12, 63, 237),
(12, 99, 238),
(12, 87, 242),
(12, 59, 263),
(12, 63, 264),
(12, 96, 271),
(12, 79, 272),
(12, 69, 283),
(12, 84, 292),
(12, 87, 296),
(12, 79, 303),
(12, 99, 306),
(12, 99, 320),
(12, 88, 324),
(12, 66, 325),
(12, 88, 330),
(12, 71, 337),
(12, 91, 338),
(12, 72, 343),
(12, 76, 351),
(12, 56, 359),
(12, 69, 367),
(12, 71, 378),
(12, 99, 381),
(12, 60, 393),
(12, 99, 405),
(13, 91, 4),
(13, 83, 6),
(13, 56, 9),
(13, 77, 11),
(13, 90, 13),
(13, 77, 16),
(13, 98, 18),
(13, 96, 24),
(13, 99, 25),
(13, 69, 27),
(13, 93, 28),
(13, 98, 32),
(13, 79, 41),
(13, 64, 42),
(13, 69, 49),
(13, 88, 51),
(13, 56, 52),
(13, 73, 55),
(13, 52, 57),
(13, 79, 58),
(13, 55, 65),
(13, 83, 67),
(13, 77, 69),
(13, 73, 71),
(13, 66, 76),
(13, 86, 77),
(13, 101, 79),
(13, 94, 80),
(13, 80, 81),
(13, 62, 82),
(13, 66, 83),
(13, 99, 84),
(13, 100, 86),
(13, 101, 90),
(13, 73, 93),
(13, 99, 95),
(13, 56, 99),
(13, 90, 101),
(13, 53, 108),
(13, 60, 112),
(13, 64, 114),
(13, 54, 115),
(13, 52, 127),
(13, 59, 129),
(13, 75, 131),
(13, 65, 133),
(13, 71, 134),
(13, 58, 135),
(13, 57, 140),
(13, 86, 142),
(13, 62, 143),
(13, 79, 144),
(13, 52, 146),
(13, 62, 149),
(13, 66, 151),
(13, 95, 157),
(13, 98, 158),
(13, 73, 164),
(13, 52, 165),
(13, 72, 168),
(13, 93, 171),
(13, 51, 172),
(13, 89, 175),
(13, 52, 176),
(13, 51, 179),
(13, 72, 182),
(13, 73, 184),
(13, 61, 185),
(13, 99, 187),
(13, 96, 189),
(13, 90, 193),
(13, 73, 198),
(13, 97, 200),
(13, 95, 203),
(13, 57, 205),
(13, 78, 216),
(13, 92, 217),
(13, 61, 220),
(13, 85, 222),
(13, 70, 224),
(13, 67, 225),
(13, 100, 228),
(13, 86, 232),
(13, 91, 234),
(13, 89, 236),
(13, 99, 239),
(13, 75, 241),
(13, 78, 244),
(13, 81, 245),
(13, 53, 246),
(13, 99, 252),
(13, 94, 255),
(13, 51, 256),
(13, 53, 263),
(13, 68, 265),
(13, 94, 267),
(13, 52, 281),
(13, 55, 283),
(13, 73, 286),
(13, 70, 287),
(13, 71, 294),
(13, 51, 295),
(13, 54, 298),
(13, 78, 301),
(13, 71, 303),
(13, 76, 306),
(13, 97, 308),
(13, 90, 311),
(13, 76, 313),
(13, 89, 317),
(13, 100, 318),
(13, 95, 321),
(13, 101, 322),
(13, 79, 323),
(13, 91, 329),
(13, 68, 333),
(13, 78, 334),
(13, 69, 338),
(13, 97, 339),
(13, 76, 341),
(13, 58, 342),
(13, 98, 343),
(13, 74, 349),
(13, 53, 351),
(13, 72, 357),
(13, 58, 361),
(13, 81, 371),
(13, 93, 372),
(13, 98, 373),
(13, 96, 374),
(13, 70, 377),
(13, 53, 381),
(13, 57, 385),
(13, 56, 386),
(13, 71, 389),
(13, 80, 390),
(13, 84, 393),
(13, 67, 395),
(13, 82, 400),
(13, 55, 402),
(13, 99, 405),
(15, 67, 2),
(15, 100, 4),
(15, 82, 5),
(15, 89, 9),
(15, 51, 20),
(15, 92, 33),
(15, 100, 36),
(15, 59, 40),
(15, 74, 41),
(15, 60, 50),
(15, 101, 51),
(15, 63, 52),
(15, 98, 55),
(15, 72, 58),
(15, 65, 67),
(15, 76, 73),
(15, 80, 82),
(15, 77, 90),
(15, 56, 91),
(15, 89, 101),
(15, 100, 106),
(15, 79, 108),
(15, 61, 109),
(15, 92, 114),
(15, 59, 122),
(15, 52, 131),
(15, 79, 134),
(15, 77, 136),
(15, 63, 139),
(15, 84, 144),
(15, 95, 147),
(15, 59, 155),
(15, 51, 156),
(15, 75, 162),
(15, 51, 165),
(15, 62, 166),
(15, 79, 168),
(15, 79, 169),
(15, 84, 173),
(15, 56, 184),
(15, 88, 189),
(15, 89, 190),
(15, 100, 191),
(15, 100, 198),
(15, 53, 200),
(15, 68, 202),
(15, 99, 205),
(15, 84, 207),
(15, 97, 212),
(15, 79, 216),
(15, 83, 225),
(15, 75, 241),
(15, 66, 242),
(15, 78, 246),
(15, 86, 251),
(15, 81, 252),
(15, 98, 256),
(15, 79, 258),
(15, 51, 271),
(15, 54, 273),
(15, 51, 290),
(15, 97, 299),
(15, 69, 301),
(15, 55, 306),
(15, 54, 320),
(15, 69, 321),
(15, 65, 333),
(15, 92, 338),
(15, 51, 341),
(15, 63, 343),
(15, 90, 345),
(15, 90, 356),
(15, 84, 364),
(15, 68, 381),
(15, 53, 391),
(15, 59, 393),
(15, 85, 397),
(15, 87, 398),
(15, 63, 405),
(17, 51, 1),
(17, 94, 2),
(17, 86, 5),
(17, 82, 6),
(17, 83, 9),
(17, 83, 11),
(17, 57, 14),
(17, 66, 18),
(17, 63, 20),
(17, 74, 22),
(17, 78, 27),
(17, 80, 28),
(17, 84, 29),
(17, 97, 32),
(17, 82, 33),
(17, 52, 36),
(17, 77, 37),
(17, 79, 38),
(17, 78, 43),
(17, 87, 47),
(17, 71, 52),
(17, 78, 53),
(17, 87, 54),
(17, 69, 55),
(17, 92, 62),
(17, 100, 66),
(17, 93, 67),
(17, 66, 71),
(17, 96, 76),
(17, 74, 77),
(17, 90, 83),
(17, 76, 88),
(17, 56, 89),
(17, 54, 90),
(17, 90, 93),
(17, 56, 104),
(17, 57, 109),
(17, 87, 113),
(17, 99, 118),
(17, 78, 122),
(17, 58, 125),
(17, 75, 130),
(17, 54, 131),
(17, 93, 133),
(17, 56, 136),
(17, 79, 142),
(17, 99, 143),
(17, 66, 146),
(17, 82, 149),
(17, 69, 155),
(17, 89, 161),
(17, 101, 162),
(17, 82, 166),
(17, 75, 167),
(17, 93, 168),
(17, 76, 169),
(17, 85, 170),
(17, 83, 171),
(17, 62, 184),
(17, 95, 187),
(17, 52, 193),
(17, 78, 196),
(17, 55, 197),
(17, 70, 198),
(17, 88, 202),
(17, 74, 203),
(17, 79, 206),
(17, 79, 208),
(17, 93, 209),
(17, 79, 216),
(17, 99, 220),
(17, 94, 225),
(17, 57, 228),
(17, 63, 230),
(17, 99, 231),
(17, 67, 232),
(17, 67, 234),
(17, 55, 236),
(17, 59, 239),
(17, 54, 243),
(17, 52, 244),
(17, 72, 246),
(17, 74, 248),
(17, 97, 250),
(17, 75, 252),
(17, 75, 258),
(17, 74, 263),
(17, 65, 264),
(17, 63, 265),
(17, 52, 274),
(17, 93, 276),
(17, 90, 279),
(17, 85, 282),
(17, 89, 285),
(17, 51, 286),
(17, 62, 287),
(17, 82, 288),
(17, 52, 299),
(17, 101, 304),
(17, 96, 307),
(17, 99, 315),
(17, 87, 318),
(17, 60, 320),
(17, 69, 322),
(17, 56, 324),
(17, 67, 331),
(17, 76, 333),
(17, 94, 336),
(17, 83, 348),
(17, 94, 352),
(17, 76, 353),
(17, 68, 357),
(17, 90, 361),
(17, 55, 368),
(17, 96, 371),
(17, 56, 372),
(17, 90, 373),
(17, 57, 378),
(17, 100, 379),
(17, 100, 385),
(17, 80, 386),
(17, 65, 389),
(17, 72, 390),
(17, 97, 391),
(17, 89, 392),
(17, 98, 393),
(17, 86, 395),
(17, 67, 397),
(17, 96, 398),
(17, 98, 399),
(17, 97, 400),
(17, 56, 402),
(17, 66, 403),
(17, 79, 404),
(18, 66, 3),
(18, 69, 4),
(18, 54, 9),
(18, 89, 20),
(18, 62, 24),
(18, 54, 32),
(18, 68, 33),
(18, 53, 36),
(18, 67, 43),
(18, 74, 44),
(18, 59, 46),
(18, 71, 50),
(18, 63, 55),
(18, 70, 65),
(18, 52, 67),
(18, 79, 71),
(18, 73, 73),
(18, 59, 77),
(18, 51, 84),
(18, 63, 87),
(18, 64, 90),
(18, 79, 91),
(18, 96, 114),
(18, 71, 122),
(18, 56, 134),
(18, 67, 136),
(18, 59, 142),
(18, 61, 144),
(18, 61, 155),
(18, 51, 157),
(18, 83, 164),
(18, 58, 165),
(18, 54, 171),
(18, 53, 173),
(18, 78, 189),
(18, 86, 190),
(18, 91, 191),
(18, 77, 194),
(18, 55, 197),
(18, 68, 199),
(18, 100, 202),
(18, 91, 209),
(18, 74, 212),
(18, 67, 216),
(18, 53, 231),
(18, 80, 236),
(18, 93, 241),
(18, 91, 244),
(18, 57, 272),
(18, 75, 273),
(18, 97, 280),
(18, 83, 290),
(18, 62, 291),
(18, 96, 325),
(18, 83, 343),
(18, 76, 356),
(18, 67, 359),
(18, 95, 364),
(18, 53, 380),
(18, 84, 381),
(18, 69, 392),
(18, 87, 393),
(19, 68, 2),
(19, 77, 4),
(19, 68, 10),
(19, 75, 11),
(19, 53, 18),
(19, 73, 20),
(19, 55, 25),
(19, 78, 30),
(19, 80, 36),
(19, 84, 44),
(19, 58, 50),
(19, 100, 51),
(19, 93, 54),
(19, 52, 57),
(19, 68, 58),
(19, 95, 59),
(19, 65, 65),
(19, 53, 68),
(19, 101, 69),
(19, 73, 71),
(19, 59, 73),
(19, 88, 76),
(19, 75, 77),
(19, 95, 79),
(19, 80, 86),
(19, 80, 87),
(19, 59, 88),
(19, 77, 90),
(19, 84, 108),
(19, 62, 109),
(19, 86, 114),
(19, 70, 122),
(19, 87, 124),
(19, 59, 125),
(19, 53, 129),
(19, 58, 130),
(19, 72, 131),
(19, 81, 133),
(19, 93, 136),
(19, 88, 139),
(19, 55, 140),
(19, 62, 144),
(19, 62, 156),
(19, 56, 164),
(19, 84, 171),
(19, 60, 173),
(19, 71, 174),
(19, 72, 175),
(19, 85, 176),
(19, 86, 190),
(19, 75, 206),
(19, 89, 207),
(19, 100, 214),
(19, 85, 216),
(19, 94, 218),
(19, 53, 220),
(19, 99, 224),
(19, 76, 226),
(19, 66, 228),
(19, 89, 231),
(19, 95, 236),
(19, 90, 239),
(19, 60, 242),
(19, 51, 243),
(19, 79, 244),
(19, 79, 245),
(19, 99, 247),
(19, 77, 251),
(19, 83, 252),
(19, 75, 256),
(19, 58, 264),
(19, 77, 270),
(19, 91, 271),
(19, 63, 273),
(19, 98, 280),
(19, 72, 281),
(19, 73, 287),
(19, 57, 288),
(19, 85, 290),
(19, 83, 293),
(19, 74, 294),
(19, 80, 296),
(19, 91, 298),
(19, 60, 303),
(19, 59, 307),
(19, 53, 312),
(19, 69, 318),
(19, 82, 321),
(19, 90, 322),
(19, 88, 325),
(19, 51, 330),
(19, 66, 337),
(19, 96, 338),
(19, 51, 340),
(19, 87, 342),
(19, 97, 343),
(19, 92, 352),
(19, 83, 356),
(19, 55, 363),
(19, 65, 367),
(19, 60, 371),
(19, 83, 372),
(19, 72, 375),
(19, 82, 378),
(19, 85, 381),
(19, 78, 386),
(19, 63, 390),
(19, 67, 391),
(19, 96, 393),
(19, 84, 395),
(19, 89, 397),
(19, 73, 403),
(19, 54, 404),
(19, 59, 405),
(20, 75, 2),
(20, 60, 9),
(20, 88, 20),
(20, 68, 28),
(20, 84, 29),
(20, 67, 30),
(20, 77, 32),
(20, 73, 33),
(20, 80, 35),
(20, 73, 36),
(20, 99, 37),
(20, 52, 39),
(20, 59, 40),
(20, 76, 44),
(20, 54, 49),
(20, 57, 51),
(20, 91, 57),
(20, 70, 59),
(20, 52, 65),
(20, 84, 67),
(20, 95, 69),
(20, 58, 73),
(20, 78, 75),
(20, 56, 76),
(20, 59, 77),
(20, 54, 78),
(20, 83, 82),
(20, 55, 85),
(20, 53, 86),
(20, 71, 90),
(20, 84, 93),
(20, 87, 98),
(20, 53, 99),
(20, 78, 104),
(20, 59, 106),
(20, 75, 109),
(20, 98, 113),
(20, 69, 115),
(20, 60, 118),
(20, 77, 129),
(20, 57, 131),
(20, 55, 134),
(20, 84, 136),
(20, 101, 142),
(20, 92, 149),
(20, 63, 162),
(20, 101, 165),
(20, 90, 168),
(20, 75, 171),
(20, 64, 173),
(20, 95, 176),
(20, 83, 190),
(20, 70, 191),
(20, 92, 196),
(20, 64, 200),
(20, 51, 205),
(20, 54, 207),
(20, 57, 209),
(20, 57, 212),
(20, 65, 216),
(20, 92, 226),
(20, 89, 231),
(20, 91, 236),
(20, 89, 237),
(20, 72, 241),
(20, 59, 242),
(20, 74, 244),
(20, 100, 245),
(20, 87, 251),
(20, 57, 256),
(20, 92, 260),
(20, 76, 267),
(20, 77, 271),
(20, 52, 272),
(20, 87, 273),
(20, 93, 280),
(20, 51, 281),
(20, 58, 285),
(20, 62, 287),
(20, 94, 288),
(20, 84, 292),
(20, 73, 294),
(20, 76, 312),
(20, 64, 318),
(20, 91, 322),
(20, 83, 323),
(20, 88, 324),
(20, 87, 327),
(20, 78, 333),
(20, 93, 337),
(20, 95, 343),
(20, 60, 351),
(20, 89, 356),
(20, 91, 357),
(20, 90, 363),
(20, 99, 367),
(20, 58, 371),
(20, 67, 372),
(20, 56, 378),
(20, 55, 379),
(20, 98, 381),
(20, 99, 386),
(20, 80, 389),
(20, 71, 390),
(20, 66, 395),
(20, 80, 398),
(20, 83, 404),
(20, 92, 405),
(24, 54, 2),
(24, 51, 4),
(24, 67, 9),
(24, 62, 10),
(24, 57, 20),
(24, 77, 32),
(24, 86, 33),
(24, 65, 36),
(24, 94, 50),
(24, 51, 51),
(24, 69, 52),
(24, 66, 54),
(24, 87, 66),
(24, 99, 71),
(24, 93, 73),
(24, 55, 77),
(24, 71, 82),
(24, 97, 99),
(24, 72, 108),
(24, 70, 113),
(24, 87, 122),
(24, 82, 136),
(24, 80, 139),
(24, 61, 142),
(24, 62, 144),
(24, 79, 147),
(24, 52, 157),
(24, 87, 164),
(24, 81, 165),
(24, 61, 168),
(24, 76, 169),
(24, 54, 171),
(24, 83, 173),
(24, 84, 175),
(24, 81, 184),
(24, 54, 189),
(24, 74, 199),
(24, 82, 200),
(24, 55, 202),
(24, 93, 205),
(24, 63, 209),
(24, 78, 236),
(24, 72, 237),
(24, 88, 241),
(24, 80, 242),
(24, 57, 247),
(24, 82, 258),
(24, 85, 263),
(24, 63, 264),
(24, 52, 273),
(24, 55, 279),
(24, 82, 280),
(24, 101, 283),
(24, 100, 290),
(24, 62, 292),
(24, 68, 320),
(24, 56, 321),
(24, 54, 322),
(24, 63, 324),
(24, 51, 331),
(24, 57, 333),
(24, 57, 337),
(24, 97, 338),
(24, 78, 367),
(24, 51, 380),
(24, 72, 395),
(24, 81, 396),
(24, 96, 398),
(26, 65, 1),
(26, 98, 4),
(26, 76, 5),
(26, 99, 6),
(26, 89, 14),
(26, 65, 18),
(26, 97, 20),
(26, 71, 24),
(26, 94, 25),
(26, 61, 28),
(26, 76, 32),
(26, 100, 33),
(26, 100, 37),
(26, 99, 40),
(26, 85, 41),
(26, 94, 46),
(26, 76, 49),
(26, 76, 57),
(26, 95, 58),
(26, 92, 67),
(26, 58, 68),
(26, 57, 69),
(26, 85, 71),
(26, 90, 77),
(26, 54, 79),
(26, 52, 83),
(26, 90, 87),
(26, 78, 96),
(26, 88, 98),
(26, 73, 99),
(26, 72, 101),
(26, 97, 106),
(26, 90, 108),
(26, 68, 109),
(26, 82, 113),
(26, 89, 125),
(26, 64, 130),
(26, 91, 131),
(26, 95, 133),
(26, 87, 137),
(26, 93, 139),
(26, 52, 140),
(26, 87, 142),
(26, 67, 156),
(26, 78, 162),
(26, 64, 166),
(26, 57, 174),
(26, 95, 175),
(26, 52, 184),
(26, 63, 185),
(26, 95, 190),
(26, 98, 191),
(26, 94, 196),
(26, 75, 200),
(26, 61, 205),
(26, 58, 207),
(26, 60, 209),
(26, 94, 212),
(26, 85, 214),
(26, 97, 236),
(26, 96, 237),
(26, 85, 238),
(26, 89, 242),
(26, 90, 244),
(26, 63, 246),
(26, 95, 247),
(26, 94, 251),
(26, 93, 263),
(26, 60, 264),
(26, 93, 273),
(26, 63, 279),
(26, 51, 280),
(26, 60, 283),
(26, 94, 287),
(26, 93, 288),
(26, 69, 294),
(26, 92, 301),
(26, 101, 303),
(26, 59, 320),
(26, 89, 322),
(26, 68, 323),
(26, 92, 324),
(26, 75, 327),
(26, 80, 330),
(26, 99, 331),
(26, 74, 337),
(26, 54, 338),
(26, 62, 340),
(26, 66, 342),
(26, 91, 345),
(26, 88, 346),
(26, 77, 375),
(26, 51, 381),
(26, 82, 386),
(26, 83, 391),
(26, 55, 392),
(26, 100, 395),
(26, 97, 396),
(26, 75, 403),
(26, 62, 404),
(28, 99, 43),
(28, 100, 57),
(28, 76, 236),
(28, 63, 272),
(29, 71, 4),
(29, 85, 9),
(29, 51, 20),
(29, 52, 32),
(29, 70, 33),
(29, 68, 37),
(29, 73, 41),
(29, 98, 43),
(29, 55, 50),
(29, 58, 52),
(29, 95, 55),
(29, 90, 59),
(29, 91, 65),
(29, 53, 68),
(29, 84, 71),
(29, 69, 73),
(29, 95, 84),
(29, 72, 87),
(29, 78, 98),
(29, 53, 99),
(29, 92, 104),
(29, 84, 108),
(29, 56, 109),
(29, 54, 115),
(29, 56, 122),
(29, 51, 130),
(29, 77, 136),
(29, 58, 142),
(29, 66, 147),
(29, 77, 155),
(29, 66, 157),
(29, 81, 165),
(29, 56, 169),
(29, 52, 174),
(29, 54, 175),
(29, 82, 184),
(29, 54, 189),
(29, 54, 190),
(29, 88, 191),
(29, 97, 194),
(29, 65, 198),
(29, 79, 200),
(29, 78, 202),
(29, 71, 205),
(29, 82, 207),
(29, 90, 216),
(29, 89, 231),
(29, 78, 236),
(29, 86, 237),
(29, 85, 252),
(29, 67, 258),
(29, 61, 263),
(29, 98, 272),
(29, 67, 280),
(29, 59, 283),
(29, 97, 290),
(29, 57, 299),
(29, 60, 303),
(29, 72, 321),
(29, 86, 322),
(29, 60, 330),
(29, 72, 338),
(29, 57, 341),
(29, 96, 343),
(29, 65, 346),
(29, 70, 356),
(29, 100, 359),
(29, 63, 364),
(29, 74, 367),
(29, 80, 375),
(29, 85, 380),
(29, 62, 391),
(33, 60, 2),
(33, 71, 3),
(33, 93, 6),
(33, 75, 9),
(33, 96, 10),
(33, 84, 11),
(33, 62, 12),
(33, 92, 13),
(33, 55, 20),
(33, 54, 23),
(33, 59, 27),
(33, 100, 28),
(33, 55, 29),
(33, 87, 31),
(33, 100, 36),
(33, 58, 37),
(33, 86, 39),
(33, 55, 40),
(33, 68, 42),
(33, 92, 43),
(33, 63, 44),
(33, 77, 45),
(33, 85, 46),
(33, 92, 50),
(33, 101, 51),
(33, 90, 52),
(33, 55, 55),
(33, 53, 57),
(33, 92, 59),
(33, 79, 62),
(33, 90, 64),
(33, 83, 69),
(33, 75, 71),
(33, 68, 73),
(33, 95, 74),
(33, 62, 75),
(33, 98, 76),
(33, 76, 77),
(33, 59, 79),
(33, 51, 82),
(33, 51, 83),
(33, 58, 84),
(33, 73, 85),
(33, 77, 86),
(33, 66, 87),
(33, 83, 89),
(33, 74, 91),
(33, 87, 95),
(33, 75, 96),
(33, 86, 98),
(33, 62, 99),
(33, 78, 102),
(33, 69, 103),
(33, 93, 104),
(33, 76, 105),
(33, 82, 111),
(33, 66, 114),
(33, 70, 115),
(33, 64, 117),
(33, 71, 118),
(33, 57, 120),
(33, 81, 125),
(33, 92, 127),
(33, 65, 128),
(33, 68, 130),
(33, 67, 131),
(33, 51, 133),
(33, 82, 134),
(33, 71, 136),
(33, 63, 137),
(33, 71, 139),
(33, 72, 140),
(33, 79, 143),
(33, 69, 144),
(33, 54, 146),
(33, 95, 149),
(33, 77, 151),
(33, 93, 153),
(33, 72, 155),
(33, 57, 156),
(33, 90, 157),
(33, 78, 159),
(33, 70, 161),
(33, 99, 167),
(33, 54, 169),
(33, 56, 173),
(33, 84, 174),
(33, 58, 179),
(33, 89, 184),
(33, 66, 187),
(33, 92, 190),
(33, 98, 193),
(33, 96, 194),
(33, 77, 198),
(33, 81, 199),
(33, 56, 200),
(33, 58, 201),
(33, 84, 202),
(33, 97, 206),
(33, 78, 208),
(33, 54, 215),
(33, 92, 216),
(33, 64, 217),
(33, 98, 222),
(33, 96, 224),
(33, 59, 225),
(33, 78, 227),
(33, 79, 229),
(33, 83, 231),
(33, 62, 233),
(33, 101, 235),
(33, 71, 236),
(33, 81, 238),
(33, 89, 243),
(33, 74, 244),
(33, 61, 245),
(33, 91, 246),
(33, 58, 247),
(33, 88, 253),
(33, 55, 256),
(33, 63, 258),
(33, 75, 259),
(33, 76, 260),
(33, 94, 261),
(33, 60, 263),
(33, 73, 267),
(33, 59, 270),
(33, 61, 273),
(33, 52, 274),
(33, 59, 276),
(33, 74, 288),
(33, 68, 290),
(33, 70, 294),
(33, 75, 295),
(33, 66, 296),
(33, 98, 298),
(33, 68, 303),
(33, 76, 306),
(33, 82, 307),
(33, 96, 308),
(33, 75, 309),
(33, 70, 312),
(33, 52, 313),
(33, 79, 315),
(33, 85, 317),
(33, 98, 318),
(33, 59, 319),
(33, 85, 321),
(33, 67, 322),
(33, 66, 324),
(33, 88, 325),
(33, 77, 327),
(33, 96, 328),
(33, 66, 330),
(33, 57, 332),
(33, 87, 333),
(33, 55, 340),
(33, 58, 341),
(33, 77, 342),
(33, 81, 346),
(33, 87, 348),
(33, 64, 349),
(33, 89, 351),
(33, 78, 352),
(33, 92, 356),
(33, 86, 357),
(33, 52, 358),
(33, 73, 360),
(33, 90, 364),
(33, 79, 367),
(33, 62, 368),
(33, 93, 371),
(33, 62, 374),
(33, 86, 375),
(33, 93, 377),
(33, 54, 378),
(33, 65, 381),
(33, 57, 385),
(33, 91, 387),
(33, 94, 392),
(33, 88, 393),
(33, 51, 394),
(33, 60, 395),
(33, 55, 397),
(33, 96, 398),
(33, 62, 400),
(33, 101, 401),
(33, 71, 402),
(33, 89, 404),
(33, 94, 405),
(34, 59, 1),
(34, 52, 4),
(34, 80, 11),
(34, 72, 18),
(34, 63, 24),
(34, 60, 29),
(34, 85, 31),
(34, 98, 32),
(34, 65, 40),
(34, 93, 41),
(34, 71, 42),
(34, 59, 44),
(34, 94, 45),
(34, 62, 47),
(34, 60, 51),
(34, 56, 52),
(34, 87, 53),
(34, 65, 58),
(34, 96, 59),
(34, 87, 65),
(34, 68, 66),
(34, 65, 67),
(34, 72, 69),
(34, 75, 71),
(34, 86, 73),
(34, 79, 78),
(34, 74, 80),
(34, 93, 85),
(34, 79, 91),
(34, 67, 92),
(34, 67, 93),
(34, 59, 96),
(34, 70, 98),
(34, 68, 99),
(34, 99, 103),
(34, 81, 104),
(34, 73, 106),
(34, 89, 114),
(34, 51, 117),
(34, 95, 118),
(34, 95, 122),
(34, 59, 125),
(34, 69, 129),
(34, 74, 131),
(34, 60, 136),
(34, 89, 139),
(34, 90, 143),
(34, 59, 155),
(34, 88, 156),
(34, 54, 158),
(34, 61, 162),
(34, 86, 164),
(34, 52, 165),
(34, 59, 166),
(34, 85, 167),
(34, 61, 168),
(34, 69, 169),
(34, 68, 173),
(34, 55, 179),
(34, 72, 184),
(34, 75, 187),
(34, 62, 193),
(34, 59, 198),
(34, 70, 200),
(34, 92, 203),
(34, 82, 206),
(34, 73, 207),
(34, 81, 208),
(34, 95, 214),
(34, 83, 217),
(34, 64, 218),
(34, 99, 220),
(34, 95, 224),
(34, 71, 230),
(34, 65, 233),
(34, 60, 237),
(34, 51, 239),
(34, 62, 245),
(34, 60, 246),
(34, 100, 251),
(34, 101, 252),
(34, 65, 253),
(34, 62, 256),
(34, 55, 258),
(34, 54, 260),
(34, 98, 263),
(34, 77, 264),
(34, 77, 272),
(34, 73, 273),
(34, 60, 281),
(34, 62, 283),
(34, 90, 287),
(34, 58, 288),
(34, 87, 297),
(34, 54, 298),
(34, 94, 299),
(34, 63, 303),
(34, 59, 304),
(34, 58, 306),
(34, 93, 307),
(34, 54, 308),
(34, 94, 315),
(34, 79, 318),
(34, 81, 320),
(34, 91, 323),
(34, 77, 324),
(34, 64, 325),
(34, 89, 327),
(34, 93, 331),
(34, 63, 337),
(34, 60, 339),
(34, 51, 341),
(34, 97, 342),
(34, 95, 343),
(34, 87, 345),
(34, 84, 348),
(34, 95, 351),
(34, 66, 353),
(34, 93, 357),
(34, 51, 358),
(34, 91, 363),
(34, 84, 367),
(34, 81, 368),
(34, 59, 371),
(34, 81, 377),
(34, 57, 378),
(34, 94, 380),
(34, 98, 385),
(34, 52, 386),
(34, 52, 391),
(34, 100, 393),
(34, 92, 395),
(34, 92, 397),
(34, 97, 398),
(34, 95, 400),
(34, 93, 403),
(36, 97, 2),
(36, 56, 3),
(36, 61, 4),
(36, 60, 6),
(36, 91, 11),
(36, 80, 12),
(36, 87, 13),
(36, 100, 14),
(36, 52, 15),
(36, 90, 19),
(36, 93, 24),
(36, 89, 25),
(36, 86, 26),
(36, 67, 27),
(36, 58, 30),
(36, 60, 31),
(36, 58, 38),
(36, 77, 40),
(36, 78, 42),
(36, 69, 43),
(36, 72, 48),
(36, 67, 51),
(36, 81, 52),
(36, 71, 53),
(36, 86, 54),
(36, 54, 55),
(36, 88, 56),
(36, 66, 57),
(36, 82, 59),
(36, 72, 61),
(36, 65, 62),
(36, 92, 65),
(36, 96, 66),
(36, 87, 68),
(36, 92, 69),
(36, 66, 71),
(36, 56, 73),
(36, 64, 74),
(36, 56, 75),
(36, 73, 78),
(36, 77, 79),
(36, 66, 80),
(36, 66, 81),
(36, 85, 82),
(36, 75, 84),
(36, 94, 86),
(36, 68, 88),
(36, 87, 92),
(36, 93, 93),
(36, 52, 94),
(36, 57, 95),
(36, 91, 96),
(36, 63, 99),
(36, 64, 100),
(36, 92, 103),
(36, 69, 104),
(36, 65, 105),
(36, 73, 106),
(36, 88, 108),
(36, 77, 109),
(36, 74, 110),
(36, 60, 111),
(36, 100, 115),
(36, 61, 118),
(36, 80, 119),
(36, 75, 120),
(36, 97, 123),
(36, 67, 131),
(36, 82, 132),
(36, 56, 134),
(36, 98, 135),
(36, 93, 136),
(36, 63, 137),
(36, 95, 139),
(36, 98, 140),
(36, 100, 142),
(36, 95, 143),
(36, 74, 145),
(36, 51, 146),
(36, 85, 148),
(36, 95, 149),
(36, 92, 152),
(36, 98, 155),
(36, 63, 161),
(36, 70, 162),
(36, 99, 164),
(36, 96, 168),
(36, 82, 169),
(36, 71, 170),
(36, 94, 172),
(36, 63, 173),
(36, 84, 176),
(36, 68, 178),
(36, 60, 183),
(36, 67, 184),
(36, 73, 185),
(36, 81, 187),
(36, 82, 189),
(36, 66, 193),
(36, 77, 194),
(36, 54, 197),
(36, 51, 201),
(36, 78, 203),
(36, 91, 207),
(36, 82, 208),
(36, 69, 210),
(36, 64, 211),
(36, 75, 212),
(36, 79, 214),
(36, 53, 217),
(36, 58, 218),
(36, 76, 219),
(36, 55, 221),
(36, 73, 222),
(36, 71, 224),
(36, 92, 227),
(36, 72, 228),
(36, 67, 229),
(36, 70, 230),
(36, 91, 232),
(36, 84, 233),
(36, 65, 236),
(36, 75, 240),
(36, 86, 244),
(36, 63, 245),
(36, 51, 246),
(36, 54, 247),
(36, 99, 251),
(36, 57, 253),
(36, 56, 255),
(36, 51, 256),
(36, 59, 258),
(36, 53, 259),
(36, 73, 260),
(36, 90, 261),
(36, 65, 264),
(36, 80, 269),
(36, 61, 271),
(36, 77, 272),
(36, 74, 275),
(36, 77, 277),
(36, 97, 279),
(36, 87, 280),
(36, 93, 281),
(36, 81, 282),
(36, 86, 286),
(36, 64, 288),
(36, 82, 292),
(36, 81, 295),
(36, 54, 297),
(36, 73, 299),
(36, 74, 301),
(36, 61, 304),
(36, 63, 310),
(36, 81, 312),
(36, 79, 313),
(36, 101, 319),
(36, 62, 321),
(36, 82, 323),
(36, 65, 327),
(36, 81, 329),
(36, 96, 330),
(36, 86, 333),
(36, 82, 335),
(36, 54, 336),
(36, 56, 337),
(36, 71, 339),
(36, 68, 340),
(36, 95, 346),
(36, 83, 348),
(36, 78, 349),
(36, 63, 350),
(36, 67, 351),
(36, 61, 353),
(36, 77, 357),
(36, 80, 362),
(36, 79, 363),
(36, 67, 364),
(36, 51, 368),
(36, 87, 369),
(36, 84, 371),
(36, 77, 372),
(36, 70, 373),
(36, 73, 375),
(36, 72, 378),
(36, 86, 379),
(36, 76, 380),
(36, 92, 381),
(36, 98, 383),
(36, 87, 385),
(36, 98, 391),
(36, 100, 393),
(36, 51, 395),
(36, 78, 396),
(36, 69, 397),
(36, 51, 400),
(36, 87, 401),
(40, 92, 1),
(40, 59, 3),
(40, 86, 9),
(40, 84, 14),
(40, 75, 16),
(40, 75, 21),
(40, 85, 24),
(40, 93, 25),
(40, 88, 29),
(40, 69, 31),
(40, 60, 32),
(40, 94, 33),
(40, 73, 34),
(40, 62, 35),
(40, 95, 38),
(40, 52, 39),
(40, 97, 40),
(40, 96, 42),
(40, 84, 43),
(40, 75, 45),
(40, 70, 46),
(40, 69, 47),
(40, 82, 48),
(40, 79, 49),
(40, 66, 52),
(40, 95, 54),
(40, 52, 56),
(40, 85, 57),
(40, 56, 59),
(40, 94, 65),
(40, 82, 66),
(40, 64, 67),
(40, 92, 68),
(40, 81, 71),
(40, 93, 73),
(40, 66, 80),
(40, 51, 82),
(40, 76, 85),
(40, 66, 87),
(40, 64, 89),
(40, 87, 91),
(40, 98, 92),
(40, 96, 94),
(40, 67, 96),
(40, 53, 98),
(40, 84, 99),
(40, 94, 100),
(40, 99, 101),
(40, 60, 103),
(40, 78, 105),
(40, 98, 110),
(40, 58, 112),
(40, 84, 116),
(40, 91, 121),
(40, 94, 122),
(40, 71, 124),
(40, 83, 128),
(40, 51, 131),
(40, 84, 134),
(40, 61, 140),
(40, 76, 142),
(40, 68, 144),
(40, 89, 145),
(40, 86, 146),
(40, 72, 153),
(40, 62, 154),
(40, 98, 159),
(40, 92, 162),
(40, 74, 165),
(40, 64, 166),
(40, 96, 168),
(40, 80, 169),
(40, 71, 171),
(40, 80, 175),
(40, 93, 176),
(40, 66, 183),
(40, 53, 184),
(40, 59, 185),
(40, 88, 187),
(40, 61, 190),
(40, 89, 191),
(40, 68, 192),
(40, 84, 195),
(40, 66, 198),
(40, 70, 199),
(40, 93, 201),
(40, 79, 205),
(40, 66, 206),
(40, 83, 207),
(40, 80, 209),
(40, 59, 210),
(40, 99, 212),
(40, 55, 215),
(40, 96, 216),
(40, 95, 218),
(40, 54, 222),
(40, 81, 224),
(40, 93, 227),
(40, 91, 228),
(40, 62, 232),
(40, 99, 234),
(40, 72, 237),
(40, 83, 238),
(40, 100, 240),
(40, 61, 241),
(40, 78, 242),
(40, 59, 244),
(40, 98, 246),
(40, 57, 247),
(40, 95, 248),
(40, 51, 251),
(40, 51, 252),
(40, 79, 253),
(40, 55, 254),
(40, 96, 259),
(40, 71, 260),
(40, 55, 265),
(40, 81, 270),
(40, 87, 274),
(40, 96, 275),
(40, 56, 278),
(40, 86, 279),
(40, 94, 280),
(40, 54, 282),
(40, 62, 283),
(40, 91, 285),
(40, 85, 286),
(40, 76, 287),
(40, 63, 292),
(40, 98, 293),
(40, 59, 297),
(40, 64, 299),
(40, 62, 300),
(40, 70, 301),
(40, 92, 302),
(40, 90, 305),
(40, 51, 306),
(40, 97, 307),
(40, 90, 309),
(40, 81, 310),
(40, 99, 311),
(40, 89, 317),
(40, 68, 319),
(40, 99, 320),
(40, 98, 323),
(40, 92, 332),
(40, 90, 333),
(40, 97, 334),
(40, 93, 335),
(40, 78, 337),
(40, 53, 339),
(40, 96, 342),
(40, 54, 348),
(40, 54, 349),
(40, 79, 351),
(40, 55, 353),
(40, 69, 355),
(40, 99, 360),
(40, 57, 364),
(40, 65, 366),
(40, 72, 367),
(40, 83, 368),
(40, 76, 369),
(40, 83, 370),
(40, 70, 373),
(40, 78, 377),
(40, 94, 378),
(40, 77, 381),
(40, 64, 383),
(40, 87, 384),
(40, 97, 387),
(40, 86, 389),
(40, 89, 390),
(40, 81, 391),
(40, 85, 392),
(40, 59, 396),
(40, 82, 399),
(40, 97, 400),
(40, 55, 402),
(40, 66, 405),
(42, 69, 36),
(42, 93, 84),
(42, 53, 91),
(42, 71, 99),
(42, 74, 113),
(42, 95, 114),
(42, 96, 122),
(42, 60, 130),
(42, 59, 144),
(42, 83, 157),
(42, 97, 166),
(42, 88, 168),
(42, 60, 190),
(42, 56, 199),
(42, 60, 236),
(42, 82, 241),
(42, 79, 244),
(42, 58, 256),
(42, 73, 263),
(42, 87, 272),
(42, 52, 322),
(42, 76, 337),
(42, 97, 398),
(43, 64, 36),
(43, 77, 57),
(43, 80, 84),
(43, 80, 99),
(43, 92, 101),
(43, 89, 108),
(43, 57, 130),
(43, 99, 157),
(43, 53, 184),
(43, 84, 244),
(43, 51, 272),
(43, 53, 283),
(43, 71, 337),
(49, 64, 18),
(49, 80, 24),
(49, 97, 28),
(49, 58, 32),
(49, 87, 33),
(49, 65, 37),
(49, 65, 41),
(49, 77, 43),
(49, 81, 44),
(49, 76, 49),
(49, 51, 51),
(49, 81, 52),
(49, 57, 54),
(49, 65, 55),
(49, 58, 67),
(49, 84, 68),
(49, 65, 73),
(49, 84, 76),
(49, 84, 77),
(49, 61, 79),
(49, 58, 84),
(49, 98, 90),
(49, 75, 91),
(49, 82, 98),
(49, 99, 99),
(49, 52, 104),
(49, 92, 108),
(49, 71, 124),
(49, 95, 137),
(49, 97, 139),
(49, 89, 144),
(49, 65, 157),
(49, 55, 164),
(49, 60, 165),
(49, 68, 166),
(49, 94, 168),
(49, 70, 171),
(49, 68, 173),
(49, 96, 174),
(49, 77, 184),
(49, 72, 185),
(49, 70, 187),
(49, 53, 189),
(49, 81, 190),
(49, 70, 197),
(49, 90, 198),
(49, 96, 199),
(49, 58, 200),
(49, 92, 205),
(49, 86, 207),
(49, 70, 214),
(49, 98, 216),
(49, 65, 225),
(49, 78, 228),
(49, 92, 236),
(49, 85, 237),
(49, 68, 238),
(49, 87, 242),
(49, 76, 244),
(49, 100, 246),
(49, 75, 251),
(49, 96, 252),
(49, 81, 258),
(49, 75, 263),
(49, 82, 271),
(49, 62, 272),
(49, 76, 280),
(49, 71, 283),
(49, 56, 291),
(49, 90, 292),
(49, 96, 294),
(49, 96, 296),
(49, 80, 303),
(49, 92, 312),
(49, 61, 320),
(49, 75, 321),
(49, 92, 322),
(49, 78, 323),
(49, 59, 324),
(49, 86, 325),
(49, 94, 333),
(49, 97, 337),
(49, 63, 338),
(49, 73, 343),
(49, 93, 345),
(49, 70, 346),
(49, 66, 351),
(49, 97, 356),
(49, 65, 371),
(49, 97, 375),
(49, 60, 378),
(49, 54, 392),
(49, 59, 396),
(49, 51, 397),
(49, 83, 403),
(51, 82, 1),
(51, 75, 2),
(51, 57, 4),
(51, 61, 5),
(51, 67, 9),
(51, 88, 10),
(51, 87, 11),
(51, 78, 14),
(51, 79, 18),
(51, 64, 25),
(51, 77, 27),
(51, 61, 30),
(51, 77, 32),
(51, 66, 33),
(51, 83, 35),
(51, 78, 36),
(51, 63, 37),
(51, 79, 38),
(51, 93, 41),
(51, 87, 42),
(51, 55, 44),
(51, 79, 47),
(51, 59, 49),
(51, 80, 50),
(51, 57, 54),
(51, 90, 57),
(51, 72, 59),
(51, 86, 65),
(51, 59, 66),
(51, 76, 68),
(51, 53, 73),
(51, 61, 75),
(51, 82, 76),
(51, 101, 77),
(51, 91, 78),
(51, 63, 79),
(51, 80, 82),
(51, 86, 84),
(51, 62, 85),
(51, 65, 86),
(51, 66, 87),
(51, 93, 88),
(51, 59, 89),
(51, 99, 91),
(51, 101, 92),
(51, 98, 93),
(51, 59, 98),
(51, 96, 99),
(51, 62, 101),
(51, 75, 103),
(51, 63, 113),
(51, 62, 118),
(51, 95, 122),
(51, 62, 127),
(51, 75, 130),
(51, 82, 131),
(51, 63, 133),
(51, 86, 134),
(51, 55, 140),
(51, 94, 142),
(51, 53, 143),
(51, 69, 144),
(51, 61, 147),
(51, 55, 149),
(51, 57, 156),
(51, 87, 157),
(51, 98, 167),
(51, 84, 168),
(51, 63, 173),
(51, 63, 182),
(51, 97, 185),
(51, 97, 187),
(51, 69, 189),
(51, 74, 194),
(51, 94, 197),
(51, 92, 199),
(51, 92, 200),
(51, 56, 206),
(51, 52, 208),
(51, 57, 210),
(51, 61, 214),
(51, 94, 217),
(51, 99, 220),
(51, 78, 224),
(51, 85, 225),
(51, 75, 226),
(51, 95, 231),
(51, 87, 233),
(51, 94, 234),
(51, 98, 236),
(51, 85, 238),
(51, 96, 241),
(51, 75, 248),
(51, 75, 250),
(51, 83, 253),
(51, 93, 256),
(51, 70, 260),
(51, 81, 261),
(51, 61, 264),
(51, 68, 265),
(51, 85, 271),
(51, 61, 272),
(51, 51, 274),
(51, 70, 281),
(51, 58, 282),
(51, 77, 285),
(51, 90, 288),
(51, 69, 293),
(51, 96, 294),
(51, 60, 296),
(51, 69, 299),
(51, 68, 303),
(51, 51, 306),
(51, 55, 310),
(51, 72, 311),
(51, 58, 315),
(51, 90, 320),
(51, 100, 322),
(51, 65, 324),
(51, 82, 325),
(51, 97, 327),
(51, 64, 330),
(51, 96, 337),
(51, 80, 342),
(51, 86, 343),
(51, 82, 351),
(51, 71, 352),
(51, 73, 353),
(51, 94, 356),
(51, 90, 359),
(51, 87, 363),
(51, 72, 367),
(51, 92, 368),
(51, 81, 371),
(51, 90, 372),
(51, 60, 379),
(51, 57, 380),
(51, 67, 381),
(51, 89, 386),
(51, 93, 392),
(51, 75, 395),
(51, 95, 397),
(51, 90, 398),
(51, 72, 399),
(51, 69, 402),
(51, 76, 403),
(51, 84, 404),
(52, 77, 3),
(52, 60, 24),
(52, 70, 28),
(52, 69, 33),
(52, 73, 36),
(52, 62, 41),
(52, 63, 43),
(52, 83, 51),
(52, 85, 73),
(52, 74, 77),
(52, 93, 84),
(52, 65, 87),
(52, 63, 90),
(52, 83, 91),
(52, 70, 113),
(52, 51, 131),
(52, 85, 134),
(52, 63, 136),
(52, 94, 139),
(52, 84, 142),
(52, 93, 144),
(52, 99, 147),
(52, 66, 155),
(52, 98, 157),
(52, 76, 164),
(52, 101, 166),
(52, 52, 169),
(52, 69, 171),
(52, 51, 173),
(52, 80, 184),
(52, 71, 189),
(52, 82, 191),
(52, 72, 194),
(52, 53, 199),
(52, 64, 200),
(52, 60, 209),
(52, 92, 225),
(52, 52, 236),
(52, 82, 237),
(52, 90, 241),
(52, 98, 242),
(52, 54, 244),
(52, 57, 246),
(52, 97, 247),
(52, 68, 252),
(52, 98, 271),
(52, 67, 272),
(52, 84, 280),
(52, 76, 290),
(52, 62, 291),
(52, 82, 322),
(52, 67, 324),
(52, 68, 325),
(52, 85, 330),
(52, 94, 331),
(52, 87, 333),
(52, 96, 337),
(52, 65, 338),
(52, 100, 341),
(52, 88, 356),
(52, 98, 359),
(52, 77, 396),
(52, 79, 398),
(52, 87, 405),
(53, 82, 1),
(53, 75, 2),
(53, 61, 11),
(53, 56, 14),
(53, 61, 16),
(53, 68, 22),
(53, 78, 24),
(53, 99, 29),
(53, 58, 33),
(53, 82, 35),
(53, 81, 36),
(53, 72, 37),
(53, 62, 38),
(53, 83, 39),
(53, 64, 40),
(53, 76, 41),
(53, 65, 42),
(53, 99, 46),
(53, 92, 47),
(53, 89, 49),
(53, 83, 52),
(53, 64, 54),
(53, 71, 65),
(53, 51, 67),
(53, 95, 68),
(53, 84, 71),
(53, 94, 73),
(53, 69, 77),
(53, 60, 78),
(53, 64, 80),
(53, 77, 85),
(53, 56, 90),
(53, 98, 91),
(53, 85, 101),
(53, 100, 104),
(53, 59, 108),
(53, 83, 111),
(53, 90, 112),
(53, 78, 113),
(53, 77, 117),
(53, 94, 118),
(53, 70, 122),
(53, 54, 124),
(53, 82, 125),
(53, 68, 127),
(53, 93, 130),
(53, 67, 131),
(53, 74, 134),
(53, 62, 135),
(53, 61, 140),
(53, 89, 142),
(53, 81, 144),
(53, 63, 155),
(53, 73, 156),
(53, 53, 158),
(53, 70, 162),
(53, 70, 164),
(53, 92, 166),
(53, 81, 169),
(53, 97, 170),
(53, 60, 172),
(53, 84, 173),
(53, 79, 175),
(53, 76, 177),
(53, 86, 184),
(53, 90, 196),
(53, 64, 198),
(53, 81, 202),
(53, 62, 205),
(53, 67, 206),
(53, 75, 207),
(53, 95, 208),
(53, 98, 209),
(53, 84, 214),
(53, 85, 216),
(53, 77, 217),
(53, 71, 225),
(53, 63, 226),
(53, 53, 230),
(53, 84, 237),
(53, 52, 242),
(53, 82, 244),
(53, 82, 246),
(53, 54, 248),
(53, 53, 249),
(53, 89, 250),
(53, 54, 252),
(53, 68, 253),
(53, 75, 256),
(53, 91, 258),
(53, 70, 261),
(53, 95, 265),
(53, 71, 269),
(53, 96, 270),
(53, 51, 272),
(53, 86, 274),
(53, 51, 282),
(53, 64, 283),
(53, 85, 286),
(53, 76, 287),
(53, 71, 292),
(53, 53, 294),
(53, 76, 296),
(53, 73, 297),
(53, 58, 299),
(53, 66, 301),
(53, 74, 303),
(53, 51, 307),
(53, 88, 308),
(53, 96, 315),
(53, 74, 320),
(53, 58, 322),
(53, 96, 325),
(53, 82, 329),
(53, 73, 331),
(53, 65, 334),
(53, 100, 336),
(53, 100, 339),
(53, 88, 341),
(53, 85, 342),
(53, 81, 343),
(53, 56, 345),
(53, 92, 348),
(53, 93, 356),
(53, 84, 357),
(53, 54, 359),
(53, 52, 361),
(53, 86, 367),
(53, 54, 372),
(53, 74, 373),
(53, 69, 375),
(53, 60, 378),
(53, 85, 379),
(53, 79, 381),
(53, 75, 385),
(53, 99, 390),
(53, 76, 391),
(53, 76, 393),
(53, 53, 397),
(53, 84, 398),
(53, 99, 404),
(55, 67, 1),
(55, 91, 4),
(55, 68, 9),
(55, 96, 11),
(55, 73, 24),
(55, 83, 25),
(55, 75, 28),
(55, 68, 32),
(55, 71, 33),
(55, 84, 35),
(55, 73, 36),
(55, 74, 37),
(55, 87, 39),
(55, 90, 44),
(55, 89, 52),
(55, 91, 54),
(55, 100, 55),
(55, 100, 57),
(55, 65, 62),
(55, 74, 65),
(55, 54, 66),
(55, 98, 67),
(55, 66, 68),
(55, 75, 69),
(55, 93, 71),
(55, 87, 76),
(55, 94, 77),
(55, 72, 82),
(55, 59, 85),
(55, 100, 88),
(55, 70, 90),
(55, 55, 91),
(55, 73, 92),
(55, 80, 104),
(55, 100, 108),
(55, 60, 111),
(55, 88, 118),
(55, 76, 129),
(55, 88, 130),
(55, 92, 139),
(55, 94, 140),
(55, 87, 142),
(55, 75, 144),
(55, 97, 146),
(55, 93, 147),
(55, 54, 156),
(55, 90, 158),
(55, 76, 164),
(55, 67, 166),
(55, 74, 167),
(55, 77, 172),
(55, 73, 174),
(55, 66, 176),
(55, 80, 187),
(55, 68, 190),
(55, 76, 193),
(55, 81, 194),
(55, 89, 197),
(55, 89, 198),
(55, 76, 200),
(55, 64, 202),
(55, 101, 206),
(55, 99, 209),
(55, 75, 214),
(55, 92, 218),
(55, 62, 225),
(55, 64, 226),
(55, 69, 228),
(55, 84, 234),
(55, 100, 238),
(55, 63, 239),
(55, 81, 241),
(55, 80, 242),
(55, 53, 243),
(55, 51, 244),
(55, 100, 246),
(55, 99, 248),
(55, 90, 250),
(55, 94, 251),
(55, 98, 255),
(55, 70, 258),
(55, 100, 260),
(55, 66, 261),
(55, 53, 274),
(55, 66, 279),
(55, 86, 280),
(55, 69, 281),
(55, 94, 282),
(55, 80, 286),
(55, 78, 287),
(55, 85, 288),
(55, 57, 290),
(55, 75, 293),
(55, 76, 294),
(55, 55, 296),
(55, 71, 297),
(55, 99, 301),
(55, 79, 304),
(55, 52, 307),
(55, 76, 308),
(55, 63, 310),
(55, 64, 318),
(55, 93, 321),
(55, 81, 322),
(55, 78, 325),
(55, 88, 333),
(55, 90, 336),
(55, 94, 337),
(55, 78, 338),
(55, 97, 339),
(55, 99, 343),
(55, 60, 346),
(55, 79, 348),
(55, 70, 353),
(55, 76, 357),
(55, 52, 367),
(55, 58, 368),
(55, 68, 371),
(55, 88, 373),
(55, 83, 374),
(55, 59, 375),
(55, 79, 379),
(55, 88, 381),
(55, 54, 386),
(55, 70, 393),
(55, 76, 397),
(55, 67, 398),
(55, 52, 400),
(55, 88, 403),
(55, 79, 404),
(57, 95, 1),
(57, 56, 3),
(57, 85, 5),
(57, 92, 6),
(57, 56, 9),
(57, 69, 10),
(57, 96, 14),
(57, 81, 16),
(57, 72, 22),
(57, 99, 33),
(57, 84, 34),
(57, 53, 37),
(57, 80, 40),
(57, 86, 43),
(57, 85, 44),
(57, 54, 45),
(57, 56, 46),
(57, 80, 47),
(57, 59, 49),
(57, 99, 53),
(57, 78, 58),
(57, 87, 59),
(57, 97, 61),
(57, 89, 66),
(57, 101, 68),
(57, 52, 71),
(57, 86, 75),
(57, 55, 76),
(57, 56, 77),
(57, 74, 79),
(57, 84, 80),
(57, 66, 81),
(57, 81, 83),
(57, 60, 84),
(57, 91, 85),
(57, 83, 87),
(57, 66, 89),
(57, 61, 90),
(57, 53, 91),
(57, 94, 92),
(57, 58, 96),
(57, 65, 99),
(57, 66, 101),
(57, 64, 103),
(57, 88, 109),
(57, 86, 115),
(57, 58, 116),
(57, 58, 120),
(57, 78, 125),
(57, 60, 130),
(57, 71, 136),
(57, 67, 143),
(57, 56, 144),
(57, 75, 149),
(57, 78, 151),
(57, 83, 153),
(57, 82, 155),
(57, 71, 157),
(57, 67, 158),
(57, 89, 161),
(57, 78, 162),
(57, 58, 165),
(57, 91, 169),
(57, 70, 170),
(57, 71, 172),
(57, 100, 173),
(57, 92, 175),
(57, 100, 179),
(57, 55, 182),
(57, 59, 185),
(57, 81, 191),
(57, 80, 200),
(57, 61, 203),
(57, 56, 204),
(57, 56, 205),
(57, 79, 207),
(57, 65, 208),
(57, 80, 209),
(57, 53, 211),
(57, 68, 214),
(57, 76, 216),
(57, 59, 217),
(57, 78, 226),
(57, 96, 228),
(57, 76, 230),
(57, 79, 231),
(57, 88, 238),
(57, 75, 243),
(57, 98, 246),
(57, 72, 249),
(57, 71, 251),
(57, 52, 261),
(57, 52, 270),
(57, 89, 271),
(57, 56, 276),
(57, 85, 279),
(57, 88, 281),
(57, 62, 291),
(57, 100, 292),
(57, 84, 293),
(57, 76, 296),
(57, 54, 299),
(57, 94, 301),
(57, 71, 302),
(57, 55, 305),
(57, 84, 306),
(57, 64, 308),
(57, 84, 310),
(57, 96, 311),
(57, 68, 313),
(57, 59, 320),
(57, 82, 323),
(57, 94, 325),
(57, 52, 327),
(57, 91, 331),
(57, 71, 333),
(57, 90, 336),
(57, 87, 337),
(57, 100, 339),
(57, 51, 340),
(57, 83, 345),
(57, 55, 346),
(57, 84, 348),
(57, 86, 349),
(57, 51, 356),
(57, 98, 360),
(57, 59, 361),
(57, 87, 363),
(57, 84, 364),
(57, 84, 365),
(57, 86, 371),
(57, 67, 372),
(57, 72, 374),
(57, 58, 375),
(57, 59, 379),
(57, 69, 380),
(57, 82, 381),
(57, 67, 385),
(57, 65, 392),
(57, 87, 393),
(57, 97, 394),
(57, 84, 396),
(57, 59, 397),
(57, 54, 398),
(57, 93, 399),
(57, 60, 400),
(57, 83, 402),
(57, 76, 403),
(57, 72, 404),
(58, 61, 10),
(58, 57, 20),
(58, 55, 43),
(58, 69, 52),
(58, 65, 65),
(58, 92, 66),
(58, 87, 90),
(58, 100, 91),
(58, 79, 101),
(58, 62, 108),
(58, 78, 114),
(58, 54, 136),
(58, 59, 139),
(58, 88, 155),
(58, 96, 157),
(58, 84, 168),
(58, 77, 173),
(58, 86, 174),
(58, 100, 184),
(58, 79, 189),
(58, 82, 190),
(58, 71, 216),
(58, 61, 244),
(58, 82, 252),
(58, 60, 256),
(58, 71, 291),
(58, 70, 292),
(58, 74, 296),
(58, 65, 301),
(58, 76, 322),
(58, 90, 325),
(58, 51, 337),
(58, 60, 338),
(58, 82, 396),
(58, 74, 398),
(58, 88, 405),
(59, 98, 36),
(59, 95, 99),
(59, 89, 136),
(59, 82, 236),
(59, 68, 244),
(60, 52, 20),
(60, 78, 36),
(60, 96, 43),
(60, 94, 57),
(60, 56, 90),
(60, 74, 91),
(60, 77, 99),
(60, 57, 101),
(60, 90, 113),
(60, 100, 136),
(60, 90, 157),
(60, 81, 168),
(60, 91, 174),
(60, 98, 184),
(60, 81, 241),
(60, 51, 263),
(60, 99, 272),
(60, 85, 290),
(60, 52, 341),
(60, 87, 393),
(60, 75, 405),
(63, 53, 20),
(63, 94, 36),
(63, 91, 65),
(63, 58, 84),
(63, 67, 90),
(63, 92, 101),
(63, 67, 108),
(63, 59, 113),
(63, 100, 122),
(63, 80, 130),
(63, 80, 136),
(63, 78, 165),
(63, 93, 190),
(63, 52, 236),
(63, 80, 244),
(63, 69, 256),
(63, 77, 272),
(63, 68, 290),
(63, 53, 292),
(63, 67, 341),
(63, 62, 379),
(64, 86, 2),
(64, 85, 3),
(64, 61, 10),
(64, 69, 20),
(64, 75, 24),
(64, 68, 28),
(64, 87, 33),
(64, 71, 35),
(64, 89, 36),
(64, 95, 37),
(64, 84, 43),
(64, 55, 44),
(64, 65, 46),
(64, 77, 50),
(64, 66, 51),
(64, 97, 52),
(64, 53, 55),
(64, 69, 57),
(64, 78, 66),
(64, 69, 67),
(64, 80, 73),
(64, 69, 79),
(64, 58, 82),
(64, 62, 84),
(64, 53, 85),
(64, 52, 96),
(64, 73, 98),
(64, 69, 101),
(64, 91, 104),
(64, 84, 106),
(64, 58, 114),
(64, 71, 122),
(64, 83, 137),
(64, 79, 139),
(64, 70, 142),
(64, 89, 144),
(64, 78, 147),
(64, 99, 155),
(64, 65, 162),
(64, 73, 164),
(64, 93, 168),
(64, 65, 169),
(64, 99, 171),
(64, 87, 175),
(64, 51, 184),
(64, 76, 191),
(64, 55, 194),
(64, 63, 196),
(64, 95, 197),
(64, 93, 199),
(64, 51, 200),
(64, 100, 202),
(64, 59, 205),
(64, 83, 225),
(64, 82, 231),
(64, 59, 237),
(64, 96, 242),
(64, 57, 244),
(64, 81, 246),
(64, 95, 247),
(64, 60, 252),
(64, 58, 256),
(64, 70, 265),
(64, 71, 273),
(64, 95, 279),
(64, 73, 283),
(64, 60, 290),
(64, 81, 291),
(64, 77, 296),
(64, 71, 299),
(64, 97, 303),
(64, 73, 312),
(64, 97, 321),
(64, 87, 323),
(64, 52, 333),
(64, 59, 338),
(64, 93, 364),
(64, 96, 371),
(64, 93, 379),
(64, 89, 381),
(64, 58, 392),
(64, 69, 393),
(64, 91, 395),
(64, 71, 396),
(64, 69, 397),
(64, 63, 403),
(64, 90, 405),
(66, 70, 1),
(66, 88, 3),
(66, 52, 4),
(66, 94, 5),
(66, 64, 6),
(66, 69, 9),
(66, 69, 11),
(66, 72, 18),
(66, 57, 20),
(66, 78, 25),
(66, 63, 27),
(66, 87, 28),
(66, 51, 32),
(66, 93, 35),
(66, 87, 36),
(66, 75, 37),
(66, 97, 40),
(66, 68, 41),
(66, 58, 43),
(66, 55, 47),
(66, 86, 49),
(66, 68, 51),
(66, 59, 52),
(66, 78, 62),
(66, 100, 68),
(66, 93, 76),
(66, 77, 78),
(66, 92, 79),
(66, 59, 82),
(66, 75, 83),
(66, 56, 84),
(66, 71, 87),
(66, 61, 88),
(66, 90, 89),
(66, 73, 90),
(66, 77, 99),
(66, 52, 103),
(66, 87, 108),
(66, 62, 109),
(66, 71, 115),
(66, 99, 118),
(66, 80, 122),
(66, 72, 129),
(66, 64, 131),
(66, 60, 133),
(66, 71, 134),
(66, 86, 140),
(66, 58, 142),
(66, 57, 143),
(66, 76, 144),
(66, 81, 149),
(66, 92, 151),
(66, 92, 155),
(66, 87, 156),
(66, 53, 157),
(66, 57, 161),
(66, 55, 162),
(66, 69, 164),
(66, 78, 166),
(66, 81, 167),
(66, 88, 170),
(66, 86, 171),
(66, 89, 173),
(66, 78, 174),
(66, 68, 176),
(66, 90, 187),
(66, 96, 190),
(66, 100, 191),
(66, 58, 194),
(66, 78, 196),
(66, 52, 197),
(66, 97, 199),
(66, 97, 203),
(66, 54, 206),
(66, 73, 209),
(66, 85, 210),
(66, 90, 212),
(66, 76, 214),
(66, 87, 216),
(66, 66, 226),
(66, 61, 231),
(66, 93, 233),
(66, 52, 237),
(66, 74, 239),
(66, 94, 242),
(66, 71, 243),
(66, 87, 244),
(66, 62, 247),
(66, 56, 248),
(66, 99, 250),
(66, 61, 252),
(66, 86, 253),
(66, 93, 263),
(66, 85, 265),
(66, 59, 270),
(66, 51, 271),
(66, 99, 273),
(66, 63, 274),
(66, 89, 280),
(66, 77, 281),
(66, 68, 282),
(66, 85, 283),
(66, 64, 288),
(66, 88, 292),
(66, 92, 293),
(66, 89, 297),
(66, 94, 301),
(66, 80, 303),
(66, 75, 304),
(66, 68, 308),
(66, 71, 315),
(66, 93, 318),
(66, 89, 320),
(66, 70, 322),
(66, 84, 325),
(66, 72, 329),
(66, 71, 330),
(66, 97, 331),
(66, 87, 333),
(66, 86, 341),
(66, 69, 342),
(66, 72, 343),
(66, 82, 345),
(66, 58, 346),
(66, 58, 348),
(66, 67, 353),
(66, 83, 357),
(66, 60, 361),
(66, 80, 363),
(66, 54, 367),
(66, 67, 378),
(66, 54, 380),
(66, 89, 381),
(66, 89, 386),
(66, 78, 389),
(66, 77, 390),
(66, 72, 397),
(66, 55, 398),
(66, 68, 399),
(66, 75, 402),
(66, 67, 404),
(66, 55, 405),
(67, 88, 1),
(67, 58, 4),
(67, 82, 5),
(67, 92, 9),
(67, 83, 10),
(67, 97, 27),
(67, 55, 33),
(67, 98, 39),
(67, 87, 41),
(67, 87, 44),
(67, 64, 49),
(67, 71, 51),
(67, 69, 52),
(67, 73, 54),
(67, 87, 55),
(67, 96, 59),
(67, 52, 67),
(67, 82, 68),
(67, 80, 69),
(67, 56, 71),
(67, 94, 75),
(67, 59, 76),
(67, 69, 82),
(67, 99, 83),
(67, 71, 84),
(67, 53, 90),
(67, 54, 91),
(67, 64, 98),
(67, 62, 99),
(67, 91, 108),
(67, 59, 109),
(67, 59, 113),
(67, 77, 134),
(67, 89, 136),
(67, 95, 137),
(67, 91, 155),
(67, 96, 166),
(67, 87, 171),
(67, 57, 174),
(67, 72, 175),
(67, 55, 185),
(67, 63, 187),
(67, 100, 194),
(67, 93, 198),
(67, 100, 199),
(67, 100, 207),
(67, 81, 212),
(67, 60, 218),
(67, 72, 224),
(67, 51, 225),
(67, 71, 236),
(67, 95, 237),
(67, 59, 238),
(67, 88, 246),
(67, 67, 247),
(67, 77, 256),
(67, 77, 258),
(67, 89, 263),
(67, 98, 264),
(67, 61, 273),
(67, 51, 279),
(67, 86, 283),
(67, 94, 287),
(67, 66, 291),
(67, 84, 292),
(67, 89, 296),
(67, 68, 299),
(67, 79, 301),
(67, 91, 303),
(67, 89, 320),
(67, 93, 321),
(67, 65, 324),
(67, 72, 325),
(67, 80, 330),
(67, 80, 331),
(67, 54, 333),
(67, 77, 336),
(67, 59, 340),
(67, 80, 341),
(67, 97, 342),
(67, 66, 351),
(67, 61, 359),
(67, 70, 371),
(67, 58, 375),
(67, 85, 378),
(67, 52, 391),
(67, 78, 393),
(67, 71, 396),
(67, 53, 404),
(68, 90, 1),
(68, 97, 2),
(68, 68, 3),
(68, 83, 10),
(68, 86, 11),
(68, 80, 12),
(68, 91, 13),
(68, 86, 14),
(68, 86, 18),
(68, 77, 22),
(68, 61, 25),
(68, 60, 27),
(68, 79, 28),
(68, 96, 29),
(68, 59, 30),
(68, 93, 31),
(68, 69, 34),
(68, 92, 35),
(68, 90, 37),
(68, 58, 39),
(68, 72, 41),
(68, 83, 43),
(68, 77, 44),
(68, 78, 46),
(68, 91, 47),
(68, 82, 50),
(68, 92, 51),
(68, 95, 53),
(68, 59, 55),
(68, 76, 56),
(68, 78, 57),
(68, 60, 68),
(68, 58, 71),
(68, 93, 72),
(68, 99, 73),
(68, 81, 74),
(68, 89, 76),
(68, 52, 77),
(68, 56, 79),
(68, 65, 80),
(68, 90, 86),
(68, 77, 87),
(68, 76, 88),
(68, 87, 89),
(68, 90, 90),
(68, 95, 91),
(68, 68, 94),
(68, 84, 95),
(68, 79, 96),
(68, 90, 99),
(68, 97, 101),
(68, 87, 102),
(68, 93, 104),
(68, 87, 106),
(68, 94, 109),
(68, 84, 113),
(68, 77, 114),
(68, 71, 115),
(68, 57, 116),
(68, 97, 118),
(68, 83, 119),
(68, 83, 121),
(68, 71, 122),
(68, 95, 123),
(68, 100, 124),
(68, 60, 130),
(68, 82, 131),
(68, 65, 136),
(68, 92, 142),
(68, 90, 143),
(68, 98, 151),
(68, 62, 153),
(68, 64, 154),
(68, 78, 155),
(68, 80, 156),
(68, 82, 158),
(68, 63, 159),
(68, 78, 165),
(68, 67, 171),
(68, 96, 172),
(68, 60, 173),
(68, 54, 176),
(68, 61, 179),
(68, 85, 181),
(68, 70, 184),
(68, 71, 185),
(68, 96, 190),
(68, 85, 191),
(68, 65, 195),
(68, 91, 196),
(68, 92, 197),
(68, 66, 201),
(68, 70, 203),
(68, 57, 204),
(68, 86, 205),
(68, 59, 206),
(68, 63, 209),
(68, 58, 210),
(68, 68, 211),
(68, 52, 215),
(68, 66, 218),
(68, 77, 220),
(68, 67, 221),
(68, 63, 226),
(68, 100, 235),
(68, 85, 237),
(68, 57, 238),
(68, 77, 239),
(68, 67, 242),
(68, 58, 243),
(68, 58, 244),
(68, 76, 247),
(68, 75, 249),
(68, 95, 251),
(68, 60, 252),
(68, 64, 253),
(68, 64, 256),
(68, 98, 259),
(68, 66, 260),
(68, 83, 261),
(68, 51, 265),
(68, 76, 266),
(68, 78, 267),
(68, 84, 270),
(68, 66, 272),
(68, 93, 274),
(68, 98, 281),
(68, 57, 282),
(68, 58, 283),
(68, 100, 285),
(68, 56, 286),
(68, 91, 287),
(68, 101, 291),
(68, 77, 292),
(68, 56, 293),
(68, 78, 294),
(68, 96, 295),
(68, 71, 296),
(68, 80, 297),
(68, 89, 298),
(68, 61, 299),
(68, 72, 300),
(68, 86, 308),
(68, 68, 309),
(68, 93, 311),
(68, 100, 312),
(68, 77, 315),
(68, 54, 317),
(68, 70, 318),
(68, 83, 319),
(68, 53, 321),
(68, 66, 324),
(68, 83, 325),
(68, 97, 330),
(68, 60, 331),
(68, 54, 332),
(68, 98, 333),
(68, 64, 336),
(68, 89, 338),
(68, 71, 342),
(68, 65, 343),
(68, 95, 345),
(68, 97, 346),
(68, 100, 349),
(68, 92, 351),
(68, 72, 353),
(68, 77, 355),
(68, 100, 356),
(68, 63, 358),
(68, 94, 359),
(68, 86, 360),
(68, 67, 361),
(68, 61, 363),
(68, 99, 368),
(68, 89, 369),
(68, 67, 373),
(68, 76, 374),
(68, 97, 376),
(68, 90, 377),
(68, 57, 378),
(68, 88, 379),
(68, 93, 380),
(68, 82, 389),
(68, 78, 390),
(68, 84, 392),
(68, 54, 393),
(68, 55, 395),
(68, 94, 396),
(68, 72, 397),
(68, 71, 399),
(68, 61, 401),
(68, 75, 402),
(68, 51, 404),
(69, 66, 1),
(69, 55, 2),
(69, 82, 3),
(69, 69, 4),
(69, 99, 9),
(69, 89, 14),
(69, 78, 27),
(69, 62, 33),
(69, 84, 35),
(69, 99, 37),
(69, 99, 39),
(69, 66, 40),
(69, 57, 43),
(69, 93, 49),
(69, 69, 50),
(69, 91, 51),
(69, 77, 52),
(69, 52, 57),
(69, 58, 65),
(69, 79, 67),
(69, 91, 68),
(69, 77, 71),
(69, 95, 76),
(69, 54, 82),
(69, 91, 83),
(69, 67, 84),
(69, 88, 87),
(69, 90, 90),
(69, 88, 98),
(69, 55, 99),
(69, 76, 104),
(69, 86, 106),
(69, 67, 109),
(69, 58, 115),
(69, 87, 122),
(69, 96, 130),
(69, 73, 131),
(69, 69, 134),
(69, 99, 136),
(69, 99, 137),
(69, 87, 155),
(69, 51, 157),
(69, 64, 162),
(69, 99, 165),
(69, 65, 166),
(69, 62, 169),
(69, 66, 171),
(69, 85, 173),
(69, 58, 175),
(69, 55, 185),
(69, 90, 187),
(69, 55, 197),
(69, 54, 199),
(69, 91, 200),
(69, 76, 202),
(69, 59, 209),
(69, 73, 212),
(69, 76, 228),
(69, 79, 236),
(69, 71, 237),
(69, 85, 238),
(69, 85, 241),
(69, 84, 242),
(69, 93, 244),
(69, 88, 246),
(69, 77, 251),
(69, 60, 258),
(69, 87, 263),
(69, 79, 264),
(69, 81, 271),
(69, 100, 272),
(69, 79, 279),
(69, 90, 280),
(69, 74, 283),
(69, 71, 285),
(69, 72, 287),
(69, 71, 291),
(69, 94, 296),
(69, 87, 299),
(69, 86, 301),
(69, 65, 312),
(69, 53, 321),
(69, 69, 322),
(69, 99, 323),
(69, 71, 330),
(69, 78, 337),
(69, 95, 338),
(69, 56, 340),
(69, 100, 351),
(69, 51, 356),
(69, 72, 367),
(69, 99, 374),
(69, 91, 381),
(69, 72, 392),
(69, 64, 395),
(69, 97, 397),
(69, 97, 404),
(69, 95, 405),
(70, 60, 24),
(70, 92, 28),
(70, 63, 36),
(70, 100, 43),
(70, 99, 44),
(70, 84, 46),
(70, 81, 65),
(70, 59, 71),
(70, 83, 90),
(70, 84, 108),
(70, 51, 113),
(70, 61, 114),
(70, 67, 131),
(70, 88, 136),
(70, 91, 139),
(70, 97, 144),
(70, 69, 157),
(70, 53, 165),
(70, 55, 168),
(70, 54, 173),
(70, 77, 175),
(70, 66, 184),
(70, 62, 191),
(70, 64, 199),
(70, 73, 200),
(70, 68, 205),
(70, 62, 236),
(70, 86, 241),
(70, 94, 244),
(70, 83, 252),
(70, 83, 256),
(70, 92, 258),
(70, 80, 264),
(70, 82, 271),
(70, 86, 280),
(70, 90, 291),
(70, 75, 292),
(70, 57, 296),
(70, 94, 301),
(70, 52, 306),
(70, 76, 325),
(70, 99, 338),
(70, 73, 345),
(70, 61, 356),
(70, 55, 364),
(70, 75, 367),
(70, 55, 381),
(70, 69, 392),
(70, 68, 405),
(71, 95, 10),
(71, 91, 20),
(71, 52, 24),
(71, 94, 33),
(71, 85, 46),
(71, 61, 57),
(71, 89, 66),
(71, 51, 90),
(71, 82, 99),
(71, 87, 108),
(71, 85, 114),
(71, 96, 122),
(71, 68, 136),
(71, 56, 144),
(71, 99, 157),
(71, 99, 164),
(71, 51, 165),
(71, 67, 166),
(71, 75, 168),
(71, 85, 184),
(71, 73, 199),
(71, 58, 212),
(71, 52, 236),
(71, 90, 256),
(71, 72, 263),
(71, 62, 271),
(71, 77, 272),
(71, 54, 291),
(71, 73, 292),
(71, 73, 296),
(71, 69, 303),
(71, 89, 322),
(71, 87, 324),
(71, 65, 330),
(71, 84, 338),
(71, 78, 351),
(71, 75, 359),
(71, 83, 364),
(74, 69, 4),
(74, 99, 9),
(74, 86, 10),
(74, 78, 24),
(74, 70, 28),
(74, 62, 37),
(74, 57, 40),
(74, 99, 44),
(74, 54, 54),
(74, 83, 57),
(74, 61, 58),
(74, 79, 59),
(74, 81, 65),
(74, 70, 68),
(74, 67, 76),
(74, 57, 77),
(74, 79, 82),
(74, 69, 84),
(74, 68, 98),
(74, 77, 99),
(74, 67, 114),
(74, 75, 115),
(74, 88, 139),
(74, 71, 147),
(74, 60, 155),
(74, 80, 162),
(74, 91, 164),
(74, 100, 169),
(74, 59, 191),
(74, 81, 198),
(74, 97, 200),
(74, 55, 205),
(74, 63, 207),
(74, 65, 212),
(74, 94, 216),
(74, 64, 225),
(74, 74, 228),
(74, 74, 231),
(74, 89, 251),
(74, 54, 256),
(74, 99, 258),
(74, 77, 264),
(74, 70, 271),
(74, 74, 273),
(74, 96, 279),
(74, 99, 280),
(74, 101, 283),
(74, 67, 291),
(74, 75, 292),
(74, 69, 303),
(74, 65, 312),
(74, 72, 320),
(74, 54, 321),
(74, 80, 322),
(74, 98, 324),
(74, 73, 331),
(74, 93, 333),
(74, 80, 356),
(74, 94, 364),
(74, 97, 379),
(74, 55, 381),
(74, 99, 391),
(74, 85, 392),
(74, 95, 393),
(74, 84, 405),
(76, 67, 2),
(76, 64, 20),
(76, 93, 35),
(76, 92, 41),
(76, 66, 44),
(76, 92, 54),
(76, 96, 58),
(76, 87, 65),
(76, 89, 67),
(76, 99, 68),
(76, 74, 69),
(76, 73, 77),
(76, 60, 83),
(76, 79, 84),
(76, 81, 87),
(76, 81, 91),
(76, 87, 96),
(76, 73, 108),
(76, 62, 109),
(76, 84, 114),
(76, 93, 115),
(76, 84, 125),
(76, 84, 131),
(76, 100, 134),
(76, 91, 136),
(76, 70, 137),
(76, 80, 144),
(76, 63, 147),
(76, 63, 162),
(76, 60, 164),
(76, 93, 166),
(76, 75, 173),
(76, 91, 189),
(76, 64, 190),
(76, 67, 196),
(76, 51, 197),
(76, 71, 205),
(76, 85, 207),
(76, 83, 224),
(76, 95, 236),
(76, 59, 242),
(76, 81, 244),
(76, 100, 246),
(76, 57, 247),
(76, 74, 251),
(76, 78, 252),
(76, 68, 256),
(76, 92, 258),
(76, 93, 265),
(76, 75, 271),
(76, 75, 272),
(76, 99, 273),
(76, 53, 279),
(76, 80, 287),
(76, 53, 296),
(76, 86, 299),
(76, 80, 303),
(76, 58, 312),
(76, 54, 321),
(76, 70, 323),
(76, 84, 324),
(76, 57, 325),
(76, 61, 330),
(76, 91, 331),
(76, 69, 337),
(76, 53, 338),
(76, 56, 345),
(76, 71, 351),
(76, 55, 356),
(76, 78, 364),
(76, 71, 380),
(76, 84, 390),
(76, 77, 391),
(76, 77, 393),
(76, 94, 403),
(76, 87, 405),
(77, 72, 2),
(77, 71, 3),
(77, 72, 4),
(77, 73, 28),
(77, 77, 32),
(77, 58, 35),
(77, 84, 36),
(77, 90, 41),
(77, 95, 52),
(77, 72, 55),
(77, 52, 57),
(77, 66, 65),
(77, 69, 66),
(77, 77, 69),
(77, 63, 73),
(77, 94, 75),
(77, 90, 76),
(77, 55, 79),
(77, 92, 83),
(77, 95, 85),
(77, 98, 87),
(77, 86, 96),
(77, 83, 98),
(77, 61, 109),
(77, 60, 114),
(77, 55, 122),
(77, 77, 124),
(77, 93, 125),
(77, 63, 129),
(77, 67, 130),
(77, 87, 131),
(77, 56, 137),
(77, 74, 139),
(77, 69, 144),
(77, 56, 156),
(77, 94, 162),
(77, 85, 164),
(77, 76, 165),
(77, 60, 174),
(77, 94, 189),
(77, 79, 190),
(77, 66, 191),
(77, 59, 194),
(77, 56, 196),
(77, 97, 197),
(77, 70, 200),
(77, 88, 205),
(77, 56, 228),
(77, 72, 231),
(77, 85, 237),
(77, 59, 241),
(77, 70, 242),
(77, 98, 246),
(77, 81, 247),
(77, 90, 258),
(77, 91, 264),
(77, 51, 265),
(77, 93, 271),
(77, 70, 273),
(77, 83, 279),
(77, 93, 280),
(77, 91, 283),
(77, 93, 292),
(77, 86, 294),
(77, 58, 299),
(77, 51, 312),
(77, 69, 322),
(77, 59, 324),
(77, 77, 325),
(77, 60, 337),
(77, 96, 338),
(77, 95, 356),
(77, 56, 364),
(77, 62, 367),
(77, 73, 371),
(77, 51, 374),
(77, 68, 375),
(77, 82, 378),
(77, 90, 379),
(77, 67, 380),
(77, 76, 390),
(77, 51, 391),
(77, 55, 395),
(77, 59, 396),
(77, 96, 397),
(79, 93, 1),
(79, 94, 2),
(79, 75, 3),
(79, 76, 5),
(79, 84, 6),
(79, 60, 10),
(79, 85, 11),
(79, 97, 14),
(79, 100, 20),
(79, 62, 24),
(79, 93, 25),
(79, 74, 27),
(79, 57, 35),
(79, 61, 41),
(79, 86, 43),
(79, 80, 44),
(79, 65, 46),
(79, 89, 49),
(79, 74, 51),
(79, 62, 54),
(79, 63, 57),
(79, 77, 65),
(79, 82, 68),
(79, 99, 71),
(79, 55, 75),
(79, 94, 76),
(79, 86, 78),
(79, 90, 82),
(79, 72, 84),
(79, 99, 87),
(79, 90, 91),
(79, 68, 96),
(79, 57, 98),
(79, 66, 103),
(79, 69, 104),
(79, 83, 113),
(79, 67, 114),
(79, 86, 127),
(79, 87, 133),
(79, 99, 139),
(79, 62, 140),
(79, 87, 142),
(79, 75, 147),
(79, 73, 151),
(79, 72, 155),
(79, 54, 165),
(79, 99, 166),
(79, 67, 169),
(79, 82, 171),
(79, 72, 173),
(79, 63, 187),
(79, 89, 191),
(79, 57, 194),
(79, 95, 198),
(79, 80, 199),
(79, 70, 200),
(79, 61, 202),
(79, 84, 208),
(79, 60, 209),
(79, 96, 210),
(79, 64, 212),
(79, 52, 214),
(79, 74, 216),
(79, 78, 218),
(79, 73, 224),
(79, 74, 225),
(79, 51, 226),
(79, 66, 231),
(79, 84, 238),
(79, 73, 239),
(79, 52, 245),
(79, 60, 247),
(79, 100, 251),
(79, 77, 252),
(79, 61, 256),
(79, 68, 265),
(79, 75, 280),
(79, 76, 285),
(79, 86, 298),
(79, 59, 299),
(79, 54, 301),
(79, 51, 303),
(79, 52, 312),
(79, 74, 325),
(79, 100, 327),
(79, 55, 336),
(79, 68, 337),
(79, 54, 340),
(79, 62, 341),
(79, 55, 342),
(79, 78, 343),
(79, 55, 346),
(79, 91, 352),
(79, 87, 356),
(79, 90, 363),
(79, 64, 367),
(79, 98, 371),
(79, 56, 372),
(79, 60, 375),
(79, 58, 379),
(79, 85, 380),
(79, 81, 390),
(79, 56, 391),
(79, 56, 392),
(79, 94, 393),
(79, 87, 396),
(79, 76, 397),
(79, 88, 398),
(79, 54, 405),
(81, 85, 36),
(81, 93, 43),
(81, 74, 65),
(81, 88, 84),
(81, 77, 90),
(81, 81, 99),
(81, 60, 113),
(81, 99, 130),
(81, 85, 136),
(81, 70, 144),
(81, 98, 157),
(81, 60, 184),
(81, 70, 190),
(81, 71, 191),
(81, 65, 241),
(81, 96, 256),
(81, 74, 263),
(81, 88, 290),
(81, 54, 306),
(81, 91, 337),
(81, 82, 396),
(82, 79, 2),
(82, 68, 3),
(82, 91, 5),
(82, 84, 6),
(82, 76, 9),
(82, 82, 10),
(82, 88, 11),
(82, 55, 15),
(82, 58, 20),
(82, 62, 22),
(82, 84, 23),
(82, 75, 24),
(82, 54, 25),
(82, 88, 30),
(82, 100, 33),
(82, 62, 35),
(82, 51, 38),
(82, 89, 43),
(82, 91, 44),
(82, 85, 46),
(82, 86, 49),
(82, 78, 53),
(82, 53, 54),
(82, 71, 55),
(82, 94, 56),
(82, 98, 57),
(82, 82, 61),
(82, 83, 62),
(82, 77, 64),
(82, 58, 65),
(82, 99, 71),
(82, 63, 74),
(82, 84, 76),
(82, 64, 78),
(82, 84, 82),
(82, 72, 83),
(82, 69, 85),
(82, 61, 86),
(82, 67, 87),
(82, 95, 88),
(82, 72, 89),
(82, 89, 93),
(82, 93, 94),
(82, 94, 98),
(82, 60, 99),
(82, 78, 100),
(82, 74, 102),
(82, 92, 103),
(82, 55, 109),
(82, 100, 113),
(82, 78, 115),
(82, 61, 116),
(82, 98, 118),
(82, 79, 121),
(82, 83, 122),
(82, 56, 123),
(82, 97, 128),
(82, 78, 129),
(82, 76, 130),
(82, 80, 131),
(82, 94, 133);
INSERT INTO `detalle_movimiento` (`id_movimiento`, `cantidad`, `id_lote`) VALUES
(82, 70, 137),
(82, 81, 138),
(82, 67, 139),
(82, 53, 140),
(82, 58, 141),
(82, 54, 144),
(82, 59, 147),
(82, 100, 151),
(82, 79, 152),
(82, 79, 153),
(82, 84, 157),
(82, 52, 161),
(82, 57, 167),
(82, 71, 172),
(82, 73, 175),
(82, 60, 177),
(82, 60, 178),
(82, 53, 179),
(82, 94, 180),
(82, 65, 181),
(82, 79, 183),
(82, 82, 189),
(82, 64, 190),
(82, 90, 194),
(82, 65, 195),
(82, 91, 196),
(82, 61, 197),
(82, 85, 198),
(82, 85, 199),
(82, 76, 200),
(82, 58, 201),
(82, 99, 202),
(82, 99, 203),
(82, 91, 204),
(82, 54, 206),
(82, 84, 207),
(82, 74, 208),
(82, 80, 210),
(82, 82, 211),
(82, 71, 212),
(82, 86, 215),
(82, 73, 216),
(82, 77, 219),
(82, 95, 220),
(82, 94, 222),
(82, 94, 226),
(82, 90, 227),
(82, 87, 228),
(82, 79, 229),
(82, 83, 231),
(82, 89, 235),
(82, 101, 237),
(82, 63, 238),
(82, 52, 239),
(82, 61, 241),
(82, 58, 242),
(82, 63, 243),
(82, 93, 244),
(82, 97, 245),
(82, 51, 246),
(82, 77, 247),
(82, 52, 248),
(82, 64, 250),
(82, 97, 253),
(82, 63, 255),
(82, 73, 256),
(82, 82, 258),
(82, 81, 259),
(82, 85, 260),
(82, 96, 263),
(82, 101, 264),
(82, 67, 265),
(82, 61, 266),
(82, 76, 268),
(82, 57, 269),
(82, 66, 270),
(82, 87, 272),
(82, 73, 273),
(82, 76, 275),
(82, 77, 277),
(82, 88, 279),
(82, 74, 281),
(82, 68, 283),
(82, 69, 285),
(82, 80, 286),
(82, 67, 288),
(82, 84, 291),
(82, 95, 292),
(82, 87, 294),
(82, 58, 295),
(82, 83, 296),
(82, 80, 297),
(82, 54, 298),
(82, 82, 299),
(82, 56, 301),
(82, 52, 302),
(82, 82, 303),
(82, 53, 304),
(82, 85, 305),
(82, 53, 306),
(82, 70, 307),
(82, 66, 308),
(82, 83, 309),
(82, 89, 310),
(82, 56, 311),
(82, 53, 312),
(82, 61, 313),
(82, 84, 317),
(82, 71, 319),
(82, 74, 320),
(82, 87, 325),
(82, 52, 327),
(82, 98, 328),
(82, 53, 331),
(82, 71, 333),
(82, 55, 334),
(82, 59, 336),
(82, 71, 338),
(82, 84, 340),
(82, 82, 341),
(82, 56, 342),
(82, 78, 343),
(82, 100, 345),
(82, 72, 348),
(82, 54, 350),
(82, 98, 352),
(82, 98, 353),
(82, 70, 355),
(82, 54, 356),
(82, 66, 357),
(82, 54, 361),
(82, 79, 362),
(82, 58, 363),
(82, 86, 366),
(82, 63, 368),
(82, 56, 369),
(82, 98, 371),
(82, 91, 375),
(82, 63, 376),
(82, 78, 377),
(82, 72, 378),
(82, 52, 384),
(82, 89, 385),
(82, 58, 386),
(82, 79, 391),
(82, 70, 393),
(82, 81, 394),
(82, 89, 396),
(82, 97, 397),
(82, 65, 398),
(82, 54, 401),
(82, 56, 402),
(82, 86, 403),
(82, 87, 404),
(82, 55, 405),
(85, 83, 1),
(85, 55, 2),
(85, 100, 3),
(85, 53, 5),
(85, 85, 6),
(85, 93, 10),
(85, 65, 20),
(85, 99, 24),
(85, 87, 27),
(85, 59, 30),
(85, 92, 35),
(85, 80, 36),
(85, 87, 39),
(85, 66, 46),
(85, 71, 50),
(85, 97, 51),
(85, 88, 52),
(85, 53, 54),
(85, 72, 55),
(85, 65, 57),
(85, 79, 66),
(85, 90, 68),
(85, 86, 71),
(85, 56, 73),
(85, 98, 77),
(85, 77, 78),
(85, 56, 82),
(85, 91, 84),
(85, 75, 87),
(85, 56, 88),
(85, 58, 96),
(85, 68, 118),
(85, 63, 124),
(85, 83, 127),
(85, 52, 129),
(85, 58, 131),
(85, 92, 136),
(85, 69, 142),
(85, 60, 144),
(85, 93, 147),
(85, 71, 149),
(85, 95, 157),
(85, 73, 162),
(85, 84, 165),
(85, 61, 171),
(85, 88, 174),
(85, 92, 175),
(85, 74, 176),
(85, 79, 184),
(85, 52, 185),
(85, 79, 190),
(85, 77, 198),
(85, 59, 199),
(85, 64, 202),
(85, 55, 203),
(85, 62, 206),
(85, 56, 208),
(85, 99, 209),
(85, 75, 212),
(85, 65, 218),
(85, 82, 225),
(85, 85, 231),
(85, 90, 234),
(85, 101, 237),
(85, 53, 239),
(85, 78, 242),
(85, 83, 244),
(85, 80, 245),
(85, 81, 246),
(85, 51, 251),
(85, 80, 252),
(85, 73, 260),
(85, 65, 264),
(85, 90, 265),
(85, 65, 270),
(85, 75, 271),
(85, 60, 272),
(85, 71, 283),
(85, 74, 288),
(85, 82, 290),
(85, 53, 291),
(85, 53, 293),
(85, 85, 294),
(85, 79, 298),
(85, 66, 299),
(85, 65, 301),
(85, 88, 307),
(85, 54, 312),
(85, 75, 320),
(85, 94, 321),
(85, 72, 322),
(85, 93, 323),
(85, 63, 324),
(85, 73, 325),
(85, 51, 331),
(85, 95, 333),
(85, 62, 342),
(85, 66, 346),
(85, 56, 348),
(85, 58, 361),
(85, 83, 363),
(85, 81, 364),
(85, 57, 367),
(85, 53, 371),
(85, 80, 372),
(85, 72, 374),
(85, 62, 378),
(85, 84, 380),
(85, 67, 386),
(85, 52, 389),
(85, 73, 391),
(85, 62, 395),
(85, 93, 396),
(85, 84, 405),
(88, 63, 6),
(88, 72, 9),
(88, 90, 14),
(88, 55, 24),
(88, 59, 29),
(88, 84, 33),
(88, 65, 35),
(88, 79, 36),
(88, 95, 40),
(88, 75, 41),
(88, 81, 42),
(88, 91, 46),
(88, 75, 51),
(88, 84, 52),
(88, 54, 58),
(88, 56, 59),
(88, 90, 65),
(88, 99, 69),
(88, 60, 71),
(88, 88, 79),
(88, 71, 82),
(88, 76, 83),
(88, 55, 84),
(88, 55, 85),
(88, 60, 87),
(88, 97, 89),
(88, 59, 90),
(88, 81, 91),
(88, 65, 92),
(88, 87, 96),
(88, 58, 98),
(88, 70, 99),
(88, 62, 101),
(88, 85, 103),
(88, 86, 104),
(88, 55, 109),
(88, 75, 113),
(88, 87, 114),
(88, 59, 115),
(88, 54, 118),
(88, 99, 122),
(88, 55, 124),
(88, 84, 125),
(88, 66, 127),
(88, 83, 131),
(88, 90, 133),
(88, 91, 134),
(88, 74, 136),
(88, 81, 139),
(88, 66, 142),
(88, 92, 147),
(88, 88, 149),
(88, 81, 155),
(88, 84, 156),
(88, 56, 157),
(88, 56, 161),
(88, 58, 165),
(88, 62, 166),
(88, 82, 169),
(88, 59, 170),
(88, 91, 171),
(88, 94, 173),
(88, 93, 174),
(88, 65, 176),
(88, 100, 182),
(88, 72, 184),
(88, 71, 185),
(88, 75, 187),
(88, 80, 189),
(88, 56, 190),
(88, 98, 196),
(88, 60, 199),
(88, 89, 200),
(88, 64, 205),
(88, 74, 206),
(88, 101, 207),
(88, 85, 208),
(88, 74, 210),
(88, 65, 216),
(88, 56, 217),
(88, 76, 224),
(88, 90, 230),
(88, 97, 231),
(88, 56, 233),
(88, 93, 234),
(88, 53, 236),
(88, 64, 237),
(88, 61, 238),
(88, 64, 239),
(88, 84, 243),
(88, 100, 251),
(88, 82, 252),
(88, 84, 258),
(88, 54, 263),
(88, 62, 264),
(88, 53, 267),
(88, 86, 270),
(88, 52, 271),
(88, 84, 273),
(88, 68, 274),
(88, 60, 282),
(88, 52, 285),
(88, 97, 286),
(88, 53, 288),
(88, 60, 293),
(88, 84, 294),
(88, 74, 296),
(88, 68, 298),
(88, 84, 299),
(88, 97, 303),
(88, 86, 304),
(88, 100, 311),
(88, 80, 315),
(88, 77, 320),
(88, 81, 323),
(88, 65, 324),
(88, 64, 325),
(88, 57, 333),
(88, 75, 336),
(88, 83, 337),
(88, 98, 342),
(88, 82, 343),
(88, 98, 348),
(88, 100, 352),
(88, 81, 353),
(88, 84, 356),
(88, 54, 358),
(88, 82, 359),
(88, 64, 363),
(88, 87, 367),
(88, 99, 368),
(88, 74, 372),
(88, 82, 373),
(88, 81, 375),
(88, 65, 377),
(88, 86, 379),
(88, 98, 380),
(88, 71, 385),
(88, 93, 386),
(88, 58, 390),
(88, 85, 392),
(88, 82, 395),
(88, 61, 396),
(88, 64, 398),
(88, 89, 399),
(88, 75, 405),
(91, 53, 5),
(91, 82, 6),
(91, 61, 9),
(91, 87, 10),
(91, 88, 11),
(91, 88, 12),
(91, 60, 14),
(91, 65, 22),
(91, 95, 24),
(91, 69, 28),
(91, 54, 31),
(91, 89, 32),
(91, 82, 33),
(91, 59, 38),
(91, 59, 41),
(91, 81, 43),
(91, 67, 44),
(91, 89, 47),
(91, 64, 50),
(91, 78, 52),
(91, 85, 53),
(91, 71, 58),
(91, 51, 65),
(91, 81, 66),
(91, 56, 68),
(91, 85, 75),
(91, 87, 77),
(91, 89, 78),
(91, 90, 79),
(91, 67, 80),
(91, 79, 81),
(91, 59, 84),
(91, 66, 86),
(91, 75, 90),
(91, 65, 91),
(91, 51, 92),
(91, 81, 93),
(91, 75, 98),
(91, 58, 99),
(91, 68, 101),
(91, 70, 102),
(91, 89, 106),
(91, 66, 108),
(91, 83, 111),
(91, 71, 113),
(91, 86, 117),
(91, 82, 120),
(91, 101, 122),
(91, 88, 124),
(91, 83, 127),
(91, 68, 129),
(91, 61, 130),
(91, 70, 131),
(91, 53, 132),
(91, 89, 133),
(91, 88, 136),
(91, 86, 137),
(91, 65, 140),
(91, 51, 144),
(91, 61, 146),
(91, 79, 147),
(91, 59, 149),
(91, 69, 158),
(91, 59, 159),
(91, 63, 162),
(91, 69, 164),
(91, 66, 165),
(91, 60, 167),
(91, 69, 168),
(91, 65, 169),
(91, 97, 170),
(91, 68, 171),
(91, 95, 173),
(91, 90, 175),
(91, 81, 182),
(91, 95, 185),
(91, 63, 189),
(91, 96, 191),
(91, 80, 196),
(91, 79, 197),
(91, 84, 201),
(91, 69, 202),
(91, 82, 205),
(91, 90, 208),
(91, 98, 210),
(91, 96, 211),
(91, 66, 218),
(91, 70, 220),
(91, 91, 222),
(91, 67, 224),
(91, 68, 225),
(91, 71, 228),
(91, 99, 230),
(91, 85, 231),
(91, 88, 232),
(91, 81, 237),
(91, 70, 238),
(91, 63, 239),
(91, 85, 241),
(91, 51, 246),
(91, 83, 247),
(91, 54, 249),
(91, 97, 252),
(91, 79, 253),
(91, 86, 256),
(91, 94, 260),
(91, 51, 263),
(91, 54, 264),
(91, 66, 265),
(91, 55, 279),
(91, 84, 285),
(91, 58, 288),
(91, 81, 292),
(91, 88, 293),
(91, 71, 294),
(91, 55, 295),
(91, 95, 296),
(91, 76, 298),
(91, 99, 301),
(91, 101, 302),
(91, 73, 303),
(91, 77, 306),
(91, 85, 307),
(91, 75, 308),
(91, 81, 311),
(91, 76, 312),
(91, 67, 313),
(91, 95, 317),
(91, 61, 323),
(91, 61, 324),
(91, 99, 325),
(91, 70, 334),
(91, 91, 336),
(91, 88, 338),
(91, 68, 340),
(91, 82, 341),
(91, 82, 343),
(91, 93, 345),
(91, 62, 348),
(91, 96, 351),
(91, 81, 357),
(91, 99, 358),
(91, 78, 359),
(91, 82, 363),
(91, 66, 365),
(91, 56, 367),
(91, 61, 368),
(91, 56, 374),
(91, 92, 375),
(91, 53, 379),
(91, 74, 385),
(91, 80, 390),
(91, 77, 391),
(91, 61, 394),
(91, 75, 395),
(91, 53, 399),
(91, 70, 401),
(91, 87, 403),
(91, 58, 404),
(93, 63, 2),
(93, 96, 3),
(93, 57, 5),
(93, 89, 6),
(93, 72, 7),
(93, 51, 11),
(93, 69, 13),
(93, 93, 14),
(93, 86, 15),
(93, 70, 18),
(93, 68, 20),
(93, 96, 24),
(93, 100, 25),
(93, 61, 27),
(93, 94, 29),
(93, 83, 31),
(93, 61, 33),
(93, 56, 35),
(93, 59, 36),
(93, 59, 38),
(93, 91, 39),
(93, 62, 40),
(93, 82, 42),
(93, 73, 45),
(93, 89, 47),
(93, 54, 48),
(93, 94, 49),
(93, 92, 52),
(93, 86, 53),
(93, 76, 54),
(93, 91, 55),
(93, 89, 58),
(93, 72, 59),
(93, 73, 60),
(93, 57, 61),
(93, 65, 65),
(93, 96, 69),
(93, 56, 71),
(93, 75, 75),
(93, 90, 79),
(93, 52, 81),
(93, 57, 82),
(93, 52, 87),
(93, 72, 88),
(93, 75, 90),
(93, 88, 92),
(93, 92, 93),
(93, 61, 96),
(93, 58, 98),
(93, 91, 99),
(93, 69, 102),
(93, 70, 105),
(93, 58, 106),
(93, 63, 108),
(93, 87, 110),
(93, 85, 113),
(93, 53, 115),
(93, 68, 116),
(93, 92, 118),
(93, 99, 120),
(93, 88, 122),
(93, 61, 124),
(93, 59, 125),
(93, 55, 134),
(93, 81, 137),
(93, 90, 139),
(93, 76, 140),
(93, 60, 143),
(93, 52, 144),
(93, 64, 147),
(93, 62, 153),
(93, 52, 156),
(93, 81, 157),
(93, 68, 158),
(93, 60, 161),
(93, 74, 165),
(93, 62, 166),
(93, 95, 167),
(93, 70, 168),
(93, 53, 169),
(93, 63, 170),
(93, 99, 171),
(93, 59, 172),
(93, 62, 173),
(93, 70, 174),
(93, 66, 176),
(93, 79, 179),
(93, 55, 181),
(93, 67, 182),
(93, 82, 190),
(93, 56, 191),
(93, 60, 193),
(93, 57, 195),
(93, 61, 196),
(93, 63, 197),
(93, 73, 198),
(93, 81, 203),
(93, 56, 206),
(93, 82, 207),
(93, 75, 209),
(93, 80, 210),
(93, 53, 211),
(93, 56, 212),
(93, 88, 215),
(93, 80, 217),
(93, 85, 218),
(93, 84, 219),
(93, 82, 220),
(93, 93, 225),
(93, 58, 226),
(93, 72, 227),
(93, 98, 228),
(93, 65, 229),
(93, 64, 230),
(93, 58, 231),
(93, 82, 233),
(93, 60, 235),
(93, 60, 236),
(93, 69, 238),
(93, 98, 239),
(93, 95, 240),
(93, 70, 244),
(93, 91, 247),
(93, 67, 248),
(93, 93, 250),
(93, 82, 255),
(93, 88, 257),
(93, 80, 258),
(93, 93, 262),
(93, 81, 263),
(93, 54, 264),
(93, 89, 265),
(93, 62, 267),
(93, 73, 268),
(93, 56, 270),
(93, 74, 271),
(93, 72, 272),
(93, 71, 273),
(93, 92, 275),
(93, 59, 276),
(93, 76, 277),
(93, 73, 279),
(93, 84, 286),
(93, 58, 291),
(93, 51, 292),
(93, 68, 293),
(93, 89, 295),
(93, 92, 299),
(93, 56, 300),
(93, 91, 307),
(93, 92, 308),
(93, 68, 315),
(93, 90, 321),
(93, 84, 322),
(93, 61, 323),
(93, 68, 324),
(93, 101, 327),
(93, 81, 328),
(93, 64, 330),
(93, 89, 331),
(93, 81, 332),
(93, 88, 333),
(93, 74, 334),
(93, 86, 335),
(93, 96, 336),
(93, 78, 337),
(93, 52, 341),
(93, 61, 343),
(93, 76, 345),
(93, 68, 346),
(93, 70, 347),
(93, 68, 348),
(93, 64, 351),
(93, 92, 353),
(93, 63, 356),
(93, 80, 358),
(93, 63, 360),
(93, 80, 361),
(93, 69, 365),
(93, 90, 366),
(93, 89, 368),
(93, 97, 369),
(93, 84, 372),
(93, 64, 375),
(93, 90, 376),
(93, 88, 380),
(93, 91, 382),
(93, 87, 383),
(93, 66, 384),
(93, 64, 385),
(93, 77, 386),
(93, 70, 388),
(93, 67, 390),
(93, 84, 392),
(93, 61, 395),
(93, 82, 396),
(93, 97, 397),
(93, 63, 398),
(93, 85, 401),
(93, 71, 405),
(94, 69, 1),
(94, 83, 3),
(94, 96, 4),
(94, 88, 11),
(94, 72, 20),
(94, 91, 22),
(94, 76, 24),
(94, 76, 25),
(94, 82, 27),
(94, 66, 29),
(94, 96, 32),
(94, 76, 38),
(94, 67, 40),
(94, 54, 44),
(94, 65, 46),
(94, 51, 53),
(94, 92, 54),
(94, 71, 62),
(94, 54, 65),
(94, 101, 67),
(94, 67, 75),
(94, 81, 77),
(94, 96, 82),
(94, 69, 89),
(94, 96, 90),
(94, 84, 91),
(94, 88, 95),
(94, 54, 101),
(94, 61, 108),
(94, 93, 113),
(94, 97, 115),
(94, 65, 117),
(94, 98, 130),
(94, 67, 133),
(94, 63, 134),
(94, 92, 135),
(94, 91, 136),
(94, 93, 137),
(94, 94, 139),
(94, 77, 142),
(94, 87, 149),
(94, 63, 151),
(94, 82, 155),
(94, 77, 158),
(94, 78, 161),
(94, 85, 162),
(94, 62, 164),
(94, 84, 165),
(94, 75, 166),
(94, 81, 171),
(94, 75, 172),
(94, 51, 176),
(94, 51, 184),
(94, 82, 185),
(94, 101, 187),
(94, 84, 189),
(94, 84, 190),
(94, 90, 191),
(94, 64, 197),
(94, 66, 198),
(94, 85, 199),
(94, 90, 200),
(94, 87, 203),
(94, 51, 205),
(94, 70, 207),
(94, 82, 208),
(94, 61, 209),
(94, 96, 210),
(94, 78, 216),
(94, 72, 218),
(94, 61, 220),
(94, 67, 225),
(94, 96, 230),
(94, 80, 231),
(94, 85, 234),
(94, 84, 236),
(94, 70, 237),
(94, 51, 248),
(94, 90, 252),
(94, 73, 256),
(94, 67, 260),
(94, 81, 269),
(94, 84, 270),
(94, 78, 271),
(94, 73, 272),
(94, 93, 276),
(94, 60, 280),
(94, 66, 281),
(94, 65, 282),
(94, 91, 285),
(94, 95, 286),
(94, 95, 291),
(94, 92, 294),
(94, 54, 298),
(94, 59, 299),
(94, 96, 302),
(94, 94, 304),
(94, 73, 306),
(94, 66, 307),
(94, 65, 310),
(94, 80, 313),
(94, 90, 318),
(94, 53, 323),
(94, 55, 324),
(94, 71, 325),
(94, 68, 327),
(94, 92, 330),
(94, 91, 331),
(94, 59, 334),
(94, 93, 337),
(94, 83, 338),
(94, 54, 340),
(94, 60, 341),
(94, 71, 343),
(94, 53, 352),
(94, 71, 357),
(94, 58, 358),
(94, 52, 359),
(94, 61, 363),
(94, 51, 364),
(94, 56, 368),
(94, 96, 371),
(94, 68, 373),
(94, 75, 375),
(94, 60, 377),
(94, 75, 378),
(94, 94, 381),
(94, 93, 385),
(94, 77, 386),
(94, 55, 389),
(94, 51, 392),
(94, 90, 393),
(94, 67, 396),
(94, 64, 397),
(94, 62, 398),
(94, 93, 399),
(94, 66, 400),
(94, 78, 403),
(94, 93, 404),
(95, 78, 20),
(95, 75, 28),
(95, 74, 40),
(95, 82, 43),
(95, 52, 44),
(95, 63, 46),
(95, 65, 65),
(95, 63, 66),
(95, 65, 71),
(95, 54, 73),
(95, 81, 84),
(95, 54, 90),
(95, 71, 99),
(95, 67, 101),
(95, 61, 130),
(95, 88, 136),
(95, 58, 144),
(95, 56, 155),
(95, 57, 156),
(95, 52, 164),
(95, 86, 165),
(95, 96, 173),
(95, 75, 174),
(95, 65, 189),
(95, 56, 190),
(95, 72, 199),
(95, 89, 200),
(95, 90, 209),
(95, 92, 216),
(95, 97, 228),
(95, 97, 236),
(95, 63, 258),
(95, 58, 263),
(95, 87, 264),
(95, 100, 272),
(95, 81, 291),
(95, 92, 292),
(95, 100, 296),
(95, 80, 301),
(95, 51, 306),
(95, 88, 324),
(95, 79, 325),
(95, 91, 330),
(95, 99, 333),
(95, 75, 341),
(95, 90, 345),
(95, 93, 356),
(95, 89, 364),
(95, 74, 367),
(95, 93, 381),
(95, 56, 392),
(95, 61, 393),
(95, 96, 405),
(96, 63, 36),
(96, 67, 57),
(96, 58, 65),
(96, 70, 84),
(96, 56, 99),
(96, 72, 130),
(96, 73, 136),
(96, 68, 157),
(96, 66, 184),
(96, 75, 236),
(96, 51, 244),
(96, 72, 263),
(96, 91, 272),
(96, 60, 283),
(96, 69, 337),
(96, 96, 341);

-- --------------------------------------------------------

--
-- Estructura de tabla para la tabla `empleado`
--

DROP TABLE IF EXISTS `empleado`;
CREATE TABLE IF NOT EXISTS `empleado` (
  `id_empleado` int(11) NOT NULL AUTO_INCREMENT,
  `fecha_ingreso` date NOT NULL,
  `id_persona` int(11) NOT NULL,
  `usuario` varchar(50) COLLATE utf8_spanish_ci NOT NULL,
  `contrasena` varchar(128) COLLATE utf8_spanish_ci NOT NULL,
  `foto_url` varchar(100) COLLATE utf8_spanish_ci DEFAULT NULL,
  `estado` varchar(1) COLLATE utf8_spanish_ci DEFAULT NULL,
  PRIMARY KEY (`id_empleado`),
  UNIQUE KEY `usuario_uq` (`usuario`),
  UNIQUE KEY `empleado_persona_uq` (`id_persona`)
) ENGINE=InnoDB AUTO_INCREMENT=31 DEFAULT CHARSET=utf8 COLLATE=utf8_spanish_ci;

--
-- Volcado de datos para la tabla `empleado`
--

INSERT INTO `empleado` (`id_empleado`, `fecha_ingreso`, `id_persona`, `usuario`, `contrasena`, `foto_url`, `estado`) VALUES
(1, '2007-10-24', 1, 'mmarousek0', '0b0XAGLn', 'http://dummyimage.com/256x256.png/5fa2dd/ffffff', 'A'),
(2, '2017-10-30', 2, 'kvokins1', '75Bb60hr', 'http://dummyimage.com/256x256.png/cc0000/ffffff', 'A'),
(3, '2014-08-10', 3, 'vsouza2', 'qYfDfhIh', 'http://dummyimage.com/256x256.png/cc0000/ffffff', 'A'),
(4, '2014-12-31', 4, 'dforton3', 'F16kT4EKGY', 'http://dummyimage.com/256x256.png/cc0000/ffffff', 'A'),
(5, '2005-10-06', 5, 'bderoeck4', '0shUtB', 'http://dummyimage.com/256x256.png/dddddd/000000', 'A'),
(6, '2006-05-14', 6, 'bberndsen5', '9tzAAVcit', 'http://dummyimage.com/256x256.png/dddddd/000000', 'A'),
(7, '2014-07-18', 7, 'ggrowcock6', '7C7okTr8w', 'http://dummyimage.com/256x256.png/ff4444/ffffff', 'A'),
(8, '2005-04-11', 8, 'rsenchenko7', 'sl6vp4y5r5', 'http://dummyimage.com/256x256.png/dddddd/000000', 'A'),
(9, '2006-10-05', 9, 'mbestwick8', 'ipd6dboG', 'http://dummyimage.com/256x256.png/cc0000/ffffff', 'A'),
(10, '2011-06-08', 10, 'tkuhlen9', 'aokymU', 'http://dummyimage.com/256x256.png/dddddd/000000', 'A'),
(11, '2011-02-09', 11, 'maxworthya', 'XUpE0J63', 'http://dummyimage.com/256x256.png/ff4444/ffffff', 'A'),
(12, '2017-09-28', 12, 'fplantb', 'vEoGtXLKw', 'http://dummyimage.com/256x256.png/dddddd/000000', 'A'),
(13, '2018-03-12', 13, 'twadesonc', 'vclPFDz', 'http://dummyimage.com/256x256.png/cc0000/ffffff', 'A'),
(14, '2013-09-24', 14, 'vjergd', 'mbS6sGq1o', 'http://dummyimage.com/256x256.png/ff4444/ffffff', 'A'),
(15, '2006-04-29', 15, 'lwithnalle', 'q5imPxQIQQN', 'http://dummyimage.com/256x256.png/dddddd/000000', 'A'),
(16, '2007-06-24', 16, 'dgravestonef', 'Ip32DagQVZIS', 'http://dummyimage.com/256x256.png/ff4444/ffffff', 'A'),
(17, '2007-02-23', 17, 'ecapellg', '4rglgUDagK', 'http://dummyimage.com/256x256.png/cc0000/ffffff', 'A'),
(18, '2011-09-24', 18, 'nmaclaineh', 'hYs2E3', 'http://dummyimage.com/256x256.png/dddddd/000000', 'A'),
(19, '2008-12-26', 19, 'dglavisi', 'u9wYZ2rfetAM', 'http://dummyimage.com/256x256.png/5fa2dd/ffffff', 'A'),
(20, '2005-11-09', 20, 'ksidnellj', 'OWT8WdUYBss', 'http://dummyimage.com/256x256.png/dddddd/000000', 'A'),
(21, '2010-11-17', 21, 'mclingank', 'Ily6hf5sp', 'http://dummyimage.com/256x256.png/5fa2dd/ffffff', 'A'),
(22, '2006-02-18', 22, 'esongerl', 'oOssXOUC', 'http://dummyimage.com/256x256.png/dddddd/000000', 'A'),
(23, '2007-04-07', 23, 'tphillpotm', 'ASg8UiF', 'http://dummyimage.com/256x256.png/ff4444/ffffff', 'A'),
(24, '2014-11-01', 24, 'ldufrayn', 'kiOknNF5bP', 'http://dummyimage.com/256x256.png/dddddd/000000', 'A'),
(25, '2012-05-20', 25, 'jcaselicko', '6epamugHdmRq', 'http://dummyimage.com/256x256.png/5fa2dd/ffffff', 'A'),
(26, '2018-10-26', 26, 'jsiudap', 'CwPwZTzTZvhY', 'http://dummyimage.com/256x256.png/dddddd/000000', 'A'),
(27, '2011-09-10', 27, 'gheartq', 'szEVSWN2sRV', 'http://dummyimage.com/256x256.png/dddddd/000000', 'A'),
(28, '2018-03-24', 28, 'tkarolczykr', '0ORdiDY3atz', 'http://dummyimage.com/256x256.png/5fa2dd/ffffff', 'A'),
(29, '2018-04-08', 29, 'bappletons', 'C7BmJF', 'http://dummyimage.com/256x256.png/dddddd/000000', 'A'),
(30, '2009-05-30', 30, 'kleprevostt', 'QtXMO6Ctla', 'http://dummyimage.com/256x256.png/dddddd/000000', 'A');

-- --------------------------------------------------------

--
-- Estructura de tabla para la tabla `factura`
--

DROP TABLE IF EXISTS `factura`;
CREATE TABLE IF NOT EXISTS `factura` (
  `id_factura` int(11) NOT NULL AUTO_INCREMENT,
  `fecha_hora` timestamp NOT NULL DEFAULT CURRENT_TIMESTAMP,
  `coste_total` double NOT NULL,
  `observacion` varchar(250) COLLATE utf8_spanish_ci DEFAULT NULL,
  `id_empleado` int(11) NOT NULL,
  `id_cliente` int(11) NOT NULL,
  `id_forma_pago` int(11) NOT NULL,
  `id_farmacia` int(11) NOT NULL,
  PRIMARY KEY (`id_factura`),
  KEY `id_empleado` (`id_empleado`),
  KEY `id_cliente` (`id_cliente`),
  KEY `id_forma_pago` (`id_forma_pago`),
  KEY `id_farmacia` (`id_farmacia`)
) ENGINE=InnoDB AUTO_INCREMENT=53 DEFAULT CHARSET=utf8 COLLATE=utf8_spanish_ci;

--
-- Volcado de datos para la tabla `factura`
--

INSERT INTO `factura` (`id_factura`, `fecha_hora`, `coste_total`, `observacion`, `id_empleado`, `id_cliente`, `id_forma_pago`, `id_farmacia`) VALUES
(1, '2018-06-22 06:00:00', 34252.82, '', 17, 464, 1, 1),
(2, '2018-02-03 06:00:00', 552866.75, '', 21, 223, 1, 1),
(3, '2017-08-22 06:00:00', 1243757.2, '', 26, 97, 1, 1),
(4, '2017-07-09 06:00:00', 64926.4, '', 17, 261, 1, 1),
(5, '2018-06-18 06:00:00', 68344.6, '', 23, 345, 1, 1),
(6, '2018-04-10 06:00:00', 940782.59, '', 17, 74, 1, 1),
(7, '2017-06-21 06:00:00', 350107.2, '', 14, 222, 1, 1),
(8, '2018-02-21 06:00:00', 342292.28, '', 22, 72, 1, 1),
(9, '2018-07-06 06:00:00', 704257.89, '', 21, 96, 1, 1),
(10, '2017-04-08 06:00:00', 638834.52, '', 15, 439, 1, 1),
(11, '2018-03-02 06:00:00', 100673.2, '', 23, 78, 1, 1),
(12, '2018-07-19 06:00:00', 154791.63, '', 22, 312, 1, 1),
(13, '2017-11-08 06:00:00', 357808.77, '', 26, 159, 1, 1),
(14, '2018-05-13 06:00:00', 202210.08, '', 14, 160, 1, 1),
(15, '2018-02-19 06:00:00', 1277.85, '', 26, 307, 1, 1),
(16, '2017-12-03 06:00:00', 936077.52, '', 14, 302, 1, 1),
(17, '2018-03-13 06:00:00', 70731.85, '', 22, 117, 1, 1),
(18, '2018-09-09 06:00:00', 846663.12, '', 14, 432, 1, 1),
(19, '2016-09-17 06:00:00', 53698.4, '', 19, 136, 1, 1),
(20, '2018-06-09 06:00:00', 327492.6, '', 9, 76, 1, 1),
(21, '2018-05-10 06:00:00', 1098956.7, '', 9, 456, 1, 1),
(22, '2018-05-01 06:00:00', 338988, '', 3, 249, 1, 1),
(23, '2017-07-19 06:00:00', 1564319.61, '', 30, 221, 1, 1),
(24, '2017-09-25 06:00:00', 289573.12, '', 22, 276, 1, 1),
(25, '2017-09-02 06:00:00', 1098546.57, '', 17, 425, 1, 1),
(26, '2016-11-23 06:00:00', 202793.28, '', 6, 61, 1, 1),
(27, '2018-03-01 06:00:00', 534170.04, '', 26, 378, 1, 1),
(28, '2017-12-03 06:00:00', 188245.56, '', 11, 108, 1, 1),
(29, '2017-04-18 06:00:00', 31376.4, '', 20, 114, 1, 1),
(30, '2017-04-12 06:00:00', 954928.96, '', 10, 200, 1, 1),
(31, '2017-05-17 06:00:00', 405077.36, '', 7, 106, 1, 1),
(32, '2018-01-14 06:00:00', 580355.01, '', 8, 17, 1, 1),
(33, '2017-01-20 06:00:00', 3809.88, '', 25, 309, 1, 1),
(34, '2018-05-18 06:00:00', 1056586.8, '', 4, 217, 1, 1),
(35, '2017-07-06 06:00:00', 1944495, '', 10, 387, 1, 1),
(36, '2018-04-14 06:00:00', 3565.26, '', 17, 301, 1, 1),
(37, '2017-06-12 06:00:00', 77736, '', 20, 428, 1, 1),
(38, '2017-02-03 06:00:00', 828908.01, '', 29, 74, 1, 1),
(39, '2018-09-08 06:00:00', 89852.4, '', 27, 367, 1, 1),
(40, '2018-04-30 06:00:00', 654894.64, '', 17, 26, 1, 1),
(41, '2016-11-28 06:00:00', 541994.31, '', 24, 82, 1, 1),
(42, '2017-07-03 06:00:00', 90955.76, '', 7, 90, 1, 1),
(43, '2016-11-18 06:00:00', 12061.94, '', 11, 459, 1, 1),
(44, '2018-05-25 06:00:00', 594156.62, '', 29, 43, 1, 1),
(45, '2016-07-20 06:00:00', 700818.3, '', 20, 120, 1, 1),
(46, '2018-12-27 06:00:00', 4452, '', 20, 306, 1, 1),
(47, '2017-06-10 06:00:00', 82868.35, '', 23, 266, 1, 1),
(48, '2017-11-07 06:00:00', 37092.79, '', 1, 394, 1, 1),
(49, '2017-06-13 06:00:00', 24587.96, '', 26, 129, 1, 1),
(50, '2018-02-07 06:00:00', 884488.08, '', 1, 230, 1, 1),
(51, '2017-11-14 06:00:00', 100637.86, '', 19, 118, 1, 1),
(52, '2016-10-03 06:00:00', 416536.75, '', 14, 427, 1, 1);

-- --------------------------------------------------------

--
-- Estructura de tabla para la tabla `farmacia`
--

DROP TABLE IF EXISTS `farmacia`;
CREATE TABLE IF NOT EXISTS `farmacia` (
  `id_farmacia` int(11) NOT NULL AUTO_INCREMENT,
  `farmacia` varchar(100) COLLATE utf8_spanish_ci NOT NULL,
  `propietario` varchar(100) COLLATE utf8_spanish_ci NOT NULL,
  `rtn` varchar(14) COLLATE utf8_spanish_ci NOT NULL,
  `fundada` date NOT NULL,
  `id_ciudad` int(11) NOT NULL,
  PRIMARY KEY (`id_farmacia`),
  KEY `id_ciudad` (`id_ciudad`)
) ENGINE=InnoDB AUTO_INCREMENT=2 DEFAULT CHARSET=utf8 COLLATE=utf8_spanish_ci;

--
-- Volcado de datos para la tabla `farmacia`
--

INSERT INTO `farmacia` (`id_farmacia`, `farmacia`, `propietario`, `rtn`, `fundada`, `id_ciudad`) VALUES
(1, 'Farmacia Esperanza', 'Juan Pérez', '08011970123456', '2018-09-18', 1);

-- --------------------------------------------------------

--
-- Estructura de tabla para la tabla `forma_pago`
--

DROP TABLE IF EXISTS `forma_pago`;
CREATE TABLE IF NOT EXISTS `forma_pago` (
  `id_forma_pago` int(11) NOT NULL AUTO_INCREMENT,
  `descripcion` varchar(45) COLLATE utf8_spanish_ci NOT NULL,
  `estado` varchar(1) COLLATE utf8_spanish_ci NOT NULL,
  PRIMARY KEY (`id_forma_pago`)
) ENGINE=InnoDB AUTO_INCREMENT=2 DEFAULT CHARSET=utf8 COLLATE=utf8_spanish_ci;

--
-- Volcado de datos para la tabla `forma_pago`
--

INSERT INTO `forma_pago` (`id_forma_pago`, `descripcion`, `estado`) VALUES
(1, 'Efectivo', 'A');

-- --------------------------------------------------------

--
-- Estructura de tabla para la tabla `impuesto`
--

DROP TABLE IF EXISTS `impuesto`;
CREATE TABLE IF NOT EXISTS `impuesto` (
  `id_impuesto` int(11) NOT NULL AUTO_INCREMENT,
  `impuesto` varchar(45) COLLATE utf8_spanish_ci NOT NULL,
  `valor` int(11) NOT NULL,
  `estado` varchar(1) COLLATE utf8_spanish_ci NOT NULL,
  `fecha_inicio` date NOT NULL,
  PRIMARY KEY (`id_impuesto`)
) ENGINE=InnoDB AUTO_INCREMENT=4 DEFAULT CHARSET=utf8 COLLATE=utf8_spanish_ci;

--
-- Volcado de datos para la tabla `impuesto`
--

INSERT INTO `impuesto` (`id_impuesto`, descripcion, porcentaje, `estado`, `fecha_inicio`) VALUES
(1, 'EXENTO', 0, 'A', '2018-12-22'),
(2, 'ISV15', 15, 'A', '2018-12-22'),
(3, 'ISV12', 15, 'A', '2018-12-22');

-- --------------------------------------------------------

--
-- Estructura de tabla para la tabla `impuesto_producto`
--

DROP TABLE IF EXISTS `impuesto_producto`;
CREATE TABLE IF NOT EXISTS `impuesto_producto` (
  `id_impuesto` int(11) NOT NULL,
  `id_producto` int(11) NOT NULL,
  KEY `id_impuesto` (`id_impuesto`),
  KEY `id_producto` (`id_producto`)
) ENGINE=InnoDB DEFAULT CHARSET=utf8 COLLATE=utf8_spanish_ci;

-- --------------------------------------------------------

--
-- Estructura Stand-in para la vista `ingresolote`
-- (Véase abajo para la vista actual)
--
DROP VIEW IF EXISTS `ingresolote`;
CREATE TABLE IF NOT EXISTS `ingresolote` (
`id_lote` int(11)
,`total_ingresado` decimal(32,0)
);

-- --------------------------------------------------------

--
-- Estructura de tabla para la tabla `laboratorio`
--

DROP TABLE IF EXISTS `laboratorio`;
CREATE TABLE IF NOT EXISTS `laboratorio` (
  `id_laboratorio` int(11) NOT NULL AUTO_INCREMENT,
  `nombre_laboratorio` varchar(45) COLLATE utf8_spanish_ci NOT NULL,
  PRIMARY KEY (`id_laboratorio`)
) ENGINE=InnoDB DEFAULT CHARSET=utf8 COLLATE=utf8_spanish_ci;

-- --------------------------------------------------------

--
-- Estructura de tabla para la tabla `lote`
--

DROP TABLE IF EXISTS `lote`;
CREATE TABLE IF NOT EXISTS `lote` (
  `id_lote` int(11) NOT NULL AUTO_INCREMENT,
  `id_producto` int(11) NOT NULL,
  `lote` varchar(100) COLLATE utf8_spanish_ci NOT NULL,
  `precio_costo` double NOT NULL,
  `precio_venta` double NOT NULL,
  `fecha_elaboracion` date NOT NULL,
  `fecha_vecimiento` date NOT NULL,
  PRIMARY KEY (`id_lote`),
  KEY `id_producto` (`id_producto`)
) ENGINE=InnoDB AUTO_INCREMENT=406 DEFAULT CHARSET=utf8 COLLATE=utf8_spanish_ci;

--
-- Volcado de datos para la tabla `lote`
--

INSERT INTO `lote` (`id_lote`, `id_producto`, `lote`, precio_costo_unidad, precio_venta_unidad, `fecha_elaboracion`, `fecha_vecimiento`) VALUES
(1, 1, 'LOT-2017-11-21', 246.22, 265.96, '2017-11-21', '2019-02-23'),
(2, 1, 'LOT-2017-05-23', 985.06, 1083.25, '2017-05-23', '2019-10-06'),
(3, 1, 'LOT-2017-07-04', 456.29, 460.91, '2017-07-04', '2019-08-26'),
(4, 1, 'LOT-2017-07-18', 258.54, 350.73, '2017-07-18', '2020-03-04'),
(5, 2, 'LOT-2017-08-16', 190.07, 216.79, '2017-08-16', '2018-09-21'),
(6, 4, 'LOT-2018-01-12', 658.49, 734.5, '2018-01-12', '2019-05-17'),
(7, 4, 'LOT-2018-11-03', 86.34, 117.14, '2018-11-03', '2021-06-24'),
(9, 8, 'LOT-2017-08-12', 543.24, 610.51, '2017-08-12', '2020-06-24'),
(10, 9, 'LOT-2017-03-14', 504.23, 514.24, '2017-03-14', '2019-01-26'),
(11, 10, 'LOT-2018-02-02', 542.69, 622.88, '2018-02-02', '2020-04-07'),
(12, 11, 'LOT-2018-06-25', 5.11, 84.07, '2018-06-25', '2021-05-26'),
(13, 11, 'LOT-2018-07-15', 546.28, 616.36, '2018-07-15', '2021-04-11'),
(14, 11, 'LOT-2017-12-17', 609.08, 693.09, '2017-12-17', '2019-01-24'),
(15, 11, 'LOT-2018-09-07', 439.05, 498.55, '2018-09-07', '2019-11-03'),
(16, 12, 'LOT-2018-06-28', 292.5, 347.09, '2018-06-28', '2021-01-09'),
(18, 12, 'LOT-2017-10-21', 104.82, 132.45, '2017-10-21', '2020-10-13'),
(19, 12, 'LOT-2018-10-02', 571.32, 641.7, '2018-10-02', '2021-03-16'),
(20, 13, 'LOT-2017-03-11', 462.29, 462.65, '2017-03-11', '2018-11-12'),
(21, 13, 'LOT-2018-10-14', 393.42, 476.63, '2018-10-14', '2021-09-13'),
(22, 15, 'LOT-2018-03-09', 747.92, 760.77, '2018-03-09', '2019-03-25'),
(23, 15, 'LOT-2018-07-24', 105.99, 189.9, '2018-07-24', '2020-12-08'),
(24, 16, 'LOT-2017-04-15', 929.06, 998.2, '2017-04-15', '2018-08-01'),
(25, 16, 'LOT-2018-01-11', 920.38, 978.51, '2018-01-11', '2020-01-02'),
(26, 17, 'LOT-2018-12-07', 730.74, 815.54, '2018-12-07', '2020-05-05'),
(27, 19, 'LOT-2017-11-15', 391.59, 447.71, '2017-11-15', '2020-08-11'),
(28, 19, 'LOT-2017-06-06', 30.31, 116.33, '2017-06-06', '2020-01-14'),
(29, 19, 'LOT-2018-01-14', 214.08, 226.07, '2018-01-14', '2019-11-28'),
(30, 19, 'LOT-2018-01-27', 110.77, 154.43, '2018-01-27', '2019-04-26'),
(31, 20, 'LOT-2018-06-03', 492.71, 517.89, '2018-06-03', '2019-12-21'),
(32, 20, 'LOT-2017-08-10', 1.13, 7.14, '2017-08-10', '2019-05-29'),
(33, 20, 'LOT-2017-04-24', 879.28, 953.74, '2017-04-24', '2019-03-11'),
(34, 21, 'LOT-2018-07-18', 268.72, 305.37, '2018-07-18', '2021-03-14'),
(35, 22, 'LOT-2017-10-02', 876.1, 882.13, '2017-10-02', '2020-02-09'),
(36, 22, 'LOT-2017-01-02', 578.91, 655.56, '2017-01-02', '2019-11-25'),
(37, 22, 'LOT-2017-09-23', 701.66, 743.51, '2017-09-23', '2020-05-24'),
(38, 23, 'LOT-2018-03-25', 927.31, 1010.07, '2018-03-25', '2021-02-17'),
(39, 24, 'LOT-2017-12-04', 939.37, 982.76, '2017-12-04', '2020-04-25'),
(40, 24, 'LOT-2017-06-19', 286.11, 325.5, '2017-06-19', '2019-05-27'),
(41, 24, 'LOT-2017-06-11', 700.97, 798.25, '2017-06-11', '2019-07-03'),
(42, 24, 'LOT-2018-04-19', 897.96, 997.19, '2018-04-19', '2019-12-25'),
(43, 25, 'LOT-2017-01-08', 128.89, 130.9, '2017-01-08', '2018-08-24'),
(44, 25, 'LOT-2017-06-09', 467.15, 481.3, '2017-06-09', '2018-11-22'),
(45, 25, 'LOT-2018-05-17', 203.23, 227.28, '2018-05-17', '2020-10-09'),
(46, 26, 'LOT-2017-04-13', 163.26, 243.8, '2017-04-13', '2019-08-30'),
(47, 27, 'LOT-2018-04-20', 42.72, 52.49, '2018-04-20', '2019-05-23'),
(48, 27, 'LOT-2018-10-10', 536.35, 539.59, '2018-10-10', '2020-04-24'),
(49, 27, 'LOT-2017-10-29', 409.35, 495.31, '2017-10-29', '2020-08-22'),
(50, 27, 'LOT-2017-07-30', 261.22, 264.29, '2017-07-30', '2020-04-30'),
(51, 29, 'LOT-2017-07-22', 971.24, 1030.43, '2017-07-22', '2018-11-06'),
(52, 30, 'LOT-2017-05-04', 231.67, 296.81, '2017-05-04', '2019-10-26'),
(53, 30, 'LOT-2018-03-31', 865.41, 899.2, '2018-03-31', '2021-03-10'),
(54, 30, 'LOT-2017-07-22', 120.44, 204.01, '2017-07-22', '2020-07-18'),
(55, 33, 'LOT-2017-06-27', 202.1, 295.2, '2017-06-27', '2018-12-29'),
(56, 33, 'LOT-2018-08-02', 208.1, 289.59, '2018-08-02', '2019-12-13'),
(57, 34, 'LOT-2017-01-13', 481.1, 501.16, '2017-01-13', '2018-05-18'),
(58, 34, 'LOT-2017-08-28', 110.91, 175.17, '2017-08-28', '2020-03-08'),
(59, 34, 'LOT-2017-09-30', 673.99, 684.41, '2017-09-30', '2018-11-11'),
(60, 34, 'LOT-2018-10-20', 997.67, 1004.78, '2018-10-20', '2021-09-11'),
(61, 35, 'LOT-2018-08-07', 568.75, 573.12, '2018-08-07', '2021-06-14'),
(62, 36, 'LOT-2018-04-18', 184.89, 200.29, '2018-04-18', '2020-02-13'),
(64, 37, 'LOT-2018-09-08', 36.87, 87.94, '2018-09-08', '2021-05-12'),
(65, 37, 'LOT-2017-01-30', 278.31, 357.29, '2017-01-30', '2018-12-09'),
(66, 38, 'LOT-2017-04-30', 547.94, 594.41, '2017-04-30', '2020-02-25'),
(67, 38, 'LOT-2017-07-22', 144.05, 196.82, '2017-07-22', '2019-07-10'),
(68, 39, 'LOT-2017-09-17', 133.99, 155.6, '2017-09-17', '2019-01-10'),
(69, 42, 'LOT-2017-10-04', 148.7, 201.88, '2017-10-04', '2019-10-13'),
(71, 43, 'LOT-2017-06-20', 370.61, 405.01, '2017-06-20', '2019-03-10'),
(72, 43, 'LOT-2018-09-16', 470.49, 477.15, '2018-09-16', '2020-11-28'),
(73, 44, 'LOT-2017-06-20', 563.13, 658.57, '2017-06-20', '2020-02-12'),
(74, 44, 'LOT-2018-10-04', 416.81, 431.05, '2018-10-04', '2021-04-14'),
(75, 45, 'LOT-2017-10-30', 526.18, 531.93, '2017-10-30', '2018-11-15'),
(76, 45, 'LOT-2017-09-30', 477.67, 544.61, '2017-09-30', '2018-12-02'),
(77, 46, 'LOT-2017-07-21', 204.12, 293.91, '2017-07-21', '2018-08-13'),
(78, 46, 'LOT-2018-02-02', 488.8, 555.31, '2018-02-02', '2021-01-29'),
(79, 48, 'LOT-2017-10-30', 11.33, 33.14, '2017-10-30', '2020-10-21'),
(80, 48, 'LOT-2018-03-22', 586.86, 616.52, '2018-03-22', '2021-02-06'),
(81, 48, 'LOT-2018-06-16', 803.59, 847.72, '2018-06-16', '2021-05-01'),
(82, 50, 'LOT-2017-05-18', 58.84, 60.85, '2017-05-18', '2019-01-02'),
(83, 50, 'LOT-2017-09-21', 567.01, 596.14, '2017-09-21', '2020-06-29'),
(84, 50, 'LOT-2017-01-21', 602.85, 630.78, '2017-01-21', '2018-03-30'),
(85, 50, 'LOT-2017-10-24', 41.34, 75.22, '2017-10-24', '2020-09-13'),
(86, 51, 'LOT-2017-12-31', 120.22, 171.01, '2017-12-31', '2020-08-05'),
(87, 51, 'LOT-2017-07-18', 293.45, 353.4, '2017-07-18', '2019-08-06'),
(88, 52, 'LOT-2018-02-19', 630.84, 681.17, '2018-02-19', '2019-10-29'),
(89, 54, 'LOT-2018-03-31', 483.05, 484.6, '2018-03-31', '2020-01-13'),
(90, 54, 'LOT-2017-02-23', 17.89, 62.65, '2017-02-23', '2019-01-12'),
(91, 54, 'LOT-2017-02-05', 950.49, 1013.4, '2017-02-05', '2020-01-31'),
(92, 54, 'LOT-2018-03-28', 87.16, 172.99, '2018-03-28', '2020-01-04'),
(93, 55, 'LOT-2018-01-24', 653.25, 718.77, '2018-01-24', '2020-04-19'),
(94, 55, 'LOT-2018-08-25', 733.03, 736.53, '2018-08-25', '2020-03-14'),
(95, 55, 'LOT-2018-06-19', 185.78, 213.67, '2018-06-19', '2021-04-28'),
(96, 55, 'LOT-2017-10-04', 308.05, 398.01, '2017-10-04', '2020-05-28'),
(98, 56, 'LOT-2017-09-26', 800.1, 856.08, '2017-09-26', '2018-10-12'),
(99, 56, 'LOT-2017-01-02', 185.9, 240.8, '2017-01-02', '2018-02-15'),
(100, 56, 'LOT-2018-09-03', 482.32, 556.8, '2018-09-03', '2019-12-21'),
(101, 57, 'LOT-2017-01-29', 250.43, 327.67, '2017-01-29', '2019-04-28'),
(102, 57, 'LOT-2018-08-30', 504.84, 603.25, '2018-08-30', '2020-03-26'),
(103, 58, 'LOT-2018-01-24', 864.47, 882.42, '2018-01-24', '2019-08-22'),
(104, 58, 'LOT-2017-08-26', 250.76, 310.03, '2017-08-26', '2019-04-17'),
(105, 58, 'LOT-2018-09-01', 612.03, 710.76, '2018-09-01', '2020-03-04'),
(106, 58, 'LOT-2017-07-26', 715.1, 747.7, '2017-07-26', '2018-12-16'),
(108, 59, 'LOT-2017-01-30', 581.46, 639.3, '2017-01-30', '2018-07-19'),
(109, 59, 'LOT-2017-08-30', 864.29, 923.68, '2017-08-30', '2019-04-11'),
(110, 60, 'LOT-2018-11-10', 4.39, 36.29, '2018-11-10', '2021-08-31'),
(111, 60, 'LOT-2018-05-24', 579.57, 593.1, '2018-05-24', '2020-03-16'),
(112, 60, 'LOT-2018-06-18', 4.88, 91.39, '2018-06-18', '2020-06-19'),
(113, 61, 'LOT-2017-01-24', 264.24, 314.41, '2017-01-24', '2019-05-09'),
(114, 61, 'LOT-2017-03-24', 456.55, 551.2, '2017-03-24', '2019-01-05'),
(115, 61, 'LOT-2017-09-28', 814.84, 889.62, '2017-09-28', '2019-01-16'),
(116, 61, 'LOT-2018-07-20', 280.2, 297.35, '2018-07-20', '2021-04-08'),
(117, 62, 'LOT-2018-05-19', 956.98, 999.06, '2018-05-19', '2019-09-01'),
(118, 62, 'LOT-2017-12-19', 731.88, 787, '2017-12-19', '2020-04-10'),
(119, 62, 'LOT-2018-11-04', 480.46, 526.61, '2018-11-04', '2020-09-26'),
(120, 62, 'LOT-2018-06-23', 316.99, 365.01, '2018-06-23', '2019-08-27'),
(121, 63, 'LOT-2018-10-22', 960.39, 1057.57, '2018-10-22', '2020-03-07'),
(122, 63, 'LOT-2017-03-03', 314.64, 339.29, '2017-03-03', '2019-06-08'),
(123, 63, 'LOT-2018-09-29', 26.67, 47.52, '2018-09-29', '2020-02-29'),
(124, 63, 'LOT-2017-10-30', 612.82, 638.55, '2017-10-30', '2019-05-15'),
(125, 64, 'LOT-2017-10-22', 461.81, 540.53, '2017-10-22', '2020-06-23'),
(127, 64, 'LOT-2018-01-03', 41.24, 75.04, '2018-01-03', '2019-09-17'),
(128, 65, 'LOT-2018-09-07', 534.51, 570.24, '2018-09-07', '2020-06-14'),
(129, 65, 'LOT-2017-09-28', 205.19, 288.46, '2017-09-28', '2019-12-05'),
(130, 66, 'LOT-2017-01-28', 620.77, 631.95, '2017-01-28', '2019-08-23'),
(131, 67, 'LOT-2017-06-01', 919.18, 1009.89, '2017-06-01', '2018-10-16'),
(132, 67, 'LOT-2018-08-18', 535.87, 558.7, '2018-08-18', '2020-10-06'),
(133, 67, 'LOT-2018-01-14', 963.33, 1053.85, '2018-01-14', '2019-08-26'),
(134, 68, 'LOT-2017-07-18', 38.99, 132.2, '2017-07-18', '2020-03-19'),
(135, 68, 'LOT-2018-06-16', 560.86, 656.54, '2018-06-16', '2020-03-10'),
(136, 71, 'LOT-2017-01-14', 901.7, 917.07, '2017-01-14', '2019-02-07'),
(137, 72, 'LOT-2017-10-04', 598.08, 664.2, '2017-10-04', '2019-05-29'),
(138, 72, 'LOT-2018-09-10', 293.05, 380.21, '2018-09-10', '2021-06-22'),
(139, 72, 'LOT-2017-04-13', 795.11, 878.53, '2017-04-13', '2019-05-08'),
(140, 72, 'LOT-2017-12-26', 123.41, 202.84, '2017-12-26', '2020-08-28'),
(141, 73, 'LOT-2018-11-12', 211.43, 226.1, '2018-11-12', '2021-07-10'),
(142, 73, 'LOT-2017-07-04', 228.28, 281.74, '2017-07-04', '2019-02-25'),
(143, 73, 'LOT-2018-04-21', 835.26, 875.24, '2018-04-21', '2020-06-17'),
(144, 73, 'LOT-2017-02-19', 981.53, 1076.48, '2017-02-19', '2018-08-19'),
(145, 74, 'LOT-2018-11-15', 290.3, 305.6, '2018-11-15', '2020-07-14'),
(146, 74, 'LOT-2018-05-06', 485.59, 529.48, '2018-05-06', '2020-04-15'),
(147, 74, 'LOT-2017-06-06', 993.08, 1064.57, '2017-06-06', '2019-09-09'),
(148, 74, 'LOT-2018-11-16', 349.2, 393.85, '2018-11-16', '2020-05-03'),
(149, 76, 'LOT-2018-01-05', 697.12, 708.47, '2018-01-05', '2020-02-22'),
(151, 77, 'LOT-2017-12-14', 30.36, 58.31, '2017-12-14', '2019-08-09'),
(152, 77, 'LOT-2018-12-20', 542.08, 602.92, '2018-12-20', '2020-01-11'),
(153, 77, 'LOT-2018-07-08', 556.26, 617.26, '2018-07-08', '2019-11-29'),
(154, 77, 'LOT-2018-09-22', 48.88, 123.2, '2018-09-22', '2021-04-11'),
(155, 78, 'LOT-2017-04-25', 627.15, 686.8, '2017-04-25', '2019-02-04'),
(156, 78, 'LOT-2017-06-04', 944.28, 974.82, '2017-06-04', '2019-02-01'),
(157, 79, 'LOT-2017-02-03', 990.94, 1053.8, '2017-02-03', '2019-05-05'),
(158, 79, 'LOT-2018-06-01', 248.27, 312.71, '2018-06-01', '2021-01-28'),
(159, 81, 'LOT-2018-07-11', 737.74, 811.67, '2018-07-11', '2020-10-22'),
(161, 81, 'LOT-2018-03-27', 936.14, 1032.41, '2018-03-27', '2019-10-02'),
(162, 82, 'LOT-2017-08-28', 671.96, 682.67, '2017-08-28', '2019-07-02'),
(164, 83, 'LOT-2017-04-30', 790.94, 840.51, '2017-04-30', '2018-12-08'),
(165, 83, 'LOT-2017-02-20', 140.89, 207.78, '2017-02-20', '2018-08-19'),
(166, 83, 'LOT-2017-03-22', 752.93, 839.89, '2017-03-22', '2018-07-07'),
(167, 85, 'LOT-2018-02-26', 978.94, 1005.03, '2018-02-26', '2021-01-26'),
(168, 85, 'LOT-2017-02-27', 49.52, 146.04, '2017-02-27', '2018-12-30'),
(169, 85, 'LOT-2017-06-11', 346.31, 441.25, '2017-06-11', '2020-03-25'),
(170, 85, 'LOT-2018-03-12', 218.06, 303.23, '2018-03-12', '2020-09-16'),
(171, 86, 'LOT-2017-07-08', 179.04, 210.36, '2017-07-08', '2020-04-30'),
(172, 86, 'LOT-2018-06-08', 273.42, 351.47, '2018-06-08', '2020-01-01'),
(173, 86, 'LOT-2017-04-03', 30.83, 47.54, '2017-04-03', '2018-08-16'),
(174, 86, 'LOT-2017-02-25', 260.08, 306.41, '2017-02-25', '2019-10-19'),
(175, 87, 'LOT-2017-06-15', 938.28, 962.63, '2017-06-15', '2018-11-03'),
(176, 88, 'LOT-2017-12-31', 174.6, 218.61, '2017-12-31', '2019-02-01'),
(177, 88, 'LOT-2018-06-10', 938.29, 967.89, '2018-06-10', '2020-04-23'),
(178, 88, 'LOT-2018-08-30', 890.83, 902.05, '2018-08-30', '2021-08-05'),
(179, 88, 'LOT-2018-05-13', 769.39, 808.9, '2018-05-13', '2020-05-17'),
(180, 90, 'LOT-2018-07-21', 407.39, 411.18, '2018-07-21', '2020-02-23'),
(181, 90, 'LOT-2018-08-28', 4.2, 58.79, '2018-08-28', '2021-08-14'),
(182, 90, 'LOT-2018-04-02', 38.66, 76.87, '2018-04-02', '2020-12-18'),
(183, 91, 'LOT-2018-12-10', 735.51, 752.08, '2018-12-10', '2021-08-24'),
(184, 91, 'LOT-2017-02-03', 905.64, 973.95, '2017-02-03', '2019-11-16'),
(185, 92, 'LOT-2017-11-21', 664.89, 692.49, '2017-11-21', '2020-03-28'),
(187, 93, 'LOT-2017-11-20', 154.14, 251.59, '2017-11-20', '2020-01-16'),
(189, 95, 'LOT-2017-03-27', 62.37, 161.55, '2017-03-27', '2020-01-11'),
(190, 95, 'LOT-2017-02-19', 831.3, 841.5, '2017-02-19', '2019-07-06'),
(191, 95, 'LOT-2017-01-20', 593.36, 679.66, '2017-01-20', '2018-02-03'),
(192, 96, 'LOT-2018-11-06', 602.19, 628.12, '2018-11-06', '2020-07-27'),
(193, 96, 'LOT-2018-04-03', 750.17, 809.68, '2018-04-03', '2020-10-13'),
(194, 97, 'LOT-2017-07-20', 238.71, 257.36, '2017-07-20', '2020-04-01'),
(195, 97, 'LOT-2018-10-09', 704.06, 794.38, '2018-10-09', '2020-04-06'),
(196, 98, 'LOT-2017-10-09', 134.87, 175.05, '2017-10-09', '2019-02-17'),
(197, 98, 'LOT-2017-08-21', 920.12, 988.81, '2017-08-21', '2019-08-13'),
(198, 98, 'LOT-2017-08-19', 197, 206.93, '2017-08-19', '2019-05-31'),
(199, 100, 'LOT-2017-03-13', 145.96, 185.84, '2017-03-13', '2019-02-18'),
(200, 100, 'LOT-2017-06-05', 573.36, 672.43, '2017-06-05', '2019-04-30'),
(201, 101, 'LOT-2018-08-25', 629.2, 726.42, '2018-08-25', '2020-04-08'),
(202, 102, 'LOT-2017-08-04', 792.17, 852.21, '2017-08-04', '2018-08-27'),
(203, 102, 'LOT-2018-02-15', 136.9, 165.98, '2018-02-15', '2019-07-18'),
(204, 102, 'LOT-2018-08-02', 276.31, 372.14, '2018-08-02', '2019-12-31'),
(205, 102, 'LOT-2017-06-08', 586.99, 605.16, '2017-06-08', '2019-09-19'),
(206, 104, 'LOT-2018-03-01', 769.52, 776.84, '2018-03-01', '2019-10-31'),
(207, 105, 'LOT-2017-08-16', 59.55, 79.22, '2017-08-16', '2020-06-08'),
(208, 105, 'LOT-2018-01-26', 468.09, 472.44, '2018-01-26', '2020-04-16'),
(209, 105, 'LOT-2017-06-10', 952.97, 1033.7, '2017-06-10', '2019-05-06'),
(210, 106, 'LOT-2017-12-31', 642.72, 699.89, '2017-12-31', '2020-12-10'),
(211, 106, 'LOT-2018-08-18', 727.59, 793.89, '2018-08-18', '2020-04-06'),
(212, 106, 'LOT-2017-03-27', 113.04, 200.52, '2017-03-27', '2018-07-25'),
(214, 107, 'LOT-2017-10-17', 910.84, 926.86, '2017-10-17', '2019-06-30'),
(215, 108, 'LOT-2018-10-03', 222.94, 289.26, '2018-10-03', '2020-11-08'),
(216, 108, 'LOT-2017-05-11', 878.38, 951.88, '2017-05-11', '2018-06-10'),
(217, 108, 'LOT-2018-04-24', 83.45, 172.73, '2018-04-24', '2020-07-19'),
(218, 109, 'LOT-2017-11-21', 245.44, 329.79, '2017-11-21', '2020-10-20'),
(219, 109, 'LOT-2018-11-20', 638.56, 643.33, '2018-11-20', '2020-10-23'),
(220, 109, 'LOT-2017-11-20', 716.93, 786.19, '2017-11-20', '2019-03-03'),
(221, 109, 'LOT-2018-10-05', 50.36, 94.9, '2018-10-05', '2019-10-14'),
(222, 112, 'LOT-2018-07-09', 760.75, 798.8, '2018-07-09', '2020-08-02'),
(224, 114, 'LOT-2017-10-23', 900.3, 936.86, '2017-10-23', '2019-07-04'),
(225, 116, 'LOT-2017-07-23', 217.95, 239.61, '2017-07-23', '2020-02-10'),
(226, 117, 'LOT-2018-02-06', 234.63, 295.57, '2018-02-06', '2020-04-18'),
(227, 117, 'LOT-2018-07-29', 226.89, 237.84, '2018-07-29', '2021-03-02'),
(228, 117, 'LOT-2017-06-29', 660.61, 675.92, '2017-06-29', '2019-10-24'),
(229, 117, 'LOT-2018-07-20', 915.7, 952.63, '2018-07-20', '2020-09-17'),
(230, 118, 'LOT-2018-05-06', 354.87, 409.39, '2018-05-06', '2020-02-20'),
(231, 118, 'LOT-2017-07-21', 72.87, 160.52, '2017-07-21', '2020-01-03'),
(232, 118, 'LOT-2018-03-26', 455.3, 497, '2018-03-26', '2020-01-05'),
(233, 119, 'LOT-2018-02-10', 19.04, 65.78, '2018-02-10', '2021-01-29'),
(234, 120, 'LOT-2018-01-23', 709.22, 762.72, '2018-01-23', '2020-11-27'),
(235, 121, 'LOT-2018-08-23', 93.88, 185.54, '2018-08-23', '2020-03-11'),
(236, 121, 'LOT-2017-01-03', 852.2, 925.95, '2017-01-03', '2018-03-24'),
(237, 122, 'LOT-2017-04-19', 282.98, 323.74, '2017-04-19', '2019-03-07'),
(238, 122, 'LOT-2017-10-18', 344.73, 408.02, '2017-10-18', '2019-01-28'),
(239, 122, 'LOT-2017-12-30', 35.56, 90.45, '2017-12-30', '2019-04-19'),
(240, 123, 'LOT-2018-11-22', 882.25, 978.72, '2018-11-22', '2020-10-13'),
(241, 123, 'LOT-2017-03-02', 679.36, 768.95, '2017-03-02', '2019-06-03'),
(242, 123, 'LOT-2017-06-24', 665.92, 707.98, '2017-06-24', '2020-03-16'),
(243, 123, 'LOT-2018-02-27', 82.29, 148.99, '2018-02-27', '2020-02-05'),
(244, 124, 'LOT-2017-01-15', 245.52, 336.6, '2017-01-15', '2019-02-08'),
(245, 125, 'LOT-2018-01-04', 202.9, 256.05, '2018-01-04', '2019-07-02'),
(246, 125, 'LOT-2017-05-20', 509.76, 594.21, '2017-05-20', '2019-01-07'),
(247, 125, 'LOT-2017-08-04', 676.36, 732.55, '2017-08-04', '2019-05-29'),
(248, 125, 'LOT-2018-04-09', 438.63, 513.15, '2018-04-09', '2020-07-05'),
(249, 126, 'LOT-2018-06-22', 731.64, 821.87, '2018-06-22', '2019-08-04'),
(250, 126, 'LOT-2018-04-21', 328.91, 415.18, '2018-04-21', '2019-12-26'),
(251, 127, 'LOT-2017-08-23', 300.06, 344.36, '2017-08-23', '2020-03-07'),
(252, 127, 'LOT-2017-03-19', 461.11, 474, '2017-03-19', '2018-08-07'),
(253, 127, 'LOT-2018-03-16', 218.02, 237.29, '2018-03-16', '2020-06-14'),
(254, 128, 'LOT-2018-11-11', 937.07, 949.95, '2018-11-11', '2021-05-25'),
(255, 128, 'LOT-2018-06-04', 399.3, 464.44, '2018-06-04', '2019-07-30'),
(256, 129, 'LOT-2017-03-03', 293.48, 329.18, '2017-03-03', '2020-02-11'),
(257, 129, 'LOT-2018-10-09', 567.02, 604.53, '2018-10-09', '2020-11-24'),
(258, 130, 'LOT-2017-05-12', 858.7, 911.89, '2017-05-12', '2018-06-18'),
(259, 130, 'LOT-2018-09-04', 182.33, 223.24, '2018-09-04', '2020-08-12'),
(260, 130, 'LOT-2018-02-01', 247.72, 296.98, '2018-02-01', '2021-01-17'),
(261, 131, 'LOT-2018-02-22', 436.31, 524.44, '2018-02-22', '2020-09-11'),
(262, 131, 'LOT-2018-09-24', 338.18, 370.77, '2018-09-24', '2021-08-13'),
(263, 132, 'LOT-2017-01-22', 859.89, 948.75, '2017-01-22', '2019-03-11'),
(264, 133, 'LOT-2017-04-01', 731.11, 767.38, '2017-04-01', '2019-02-17'),
(265, 133, 'LOT-2017-09-18', 697.13, 739.82, '2017-09-18', '2020-05-25'),
(266, 134, 'LOT-2018-09-08', 185.81, 201.29, '2018-09-08', '2019-09-08'),
(267, 134, 'LOT-2018-02-15', 379.83, 464.57, '2018-02-15', '2020-12-06'),
(268, 135, 'LOT-2018-10-20', 185.93, 261.8, '2018-10-20', '2021-10-06'),
(269, 135, 'LOT-2018-06-07', 459.83, 528.19, '2018-06-07', '2019-08-22'),
(270, 135, 'LOT-2018-02-17', 512.11, 541.77, '2018-02-17', '2019-03-25'),
(271, 136, 'LOT-2017-04-05', 33.08, 68.07, '2017-04-05', '2018-12-06'),
(272, 136, 'LOT-2017-01-08', 253.94, 347.24, '2017-01-08', '2018-08-20'),
(273, 137, 'LOT-2017-08-16', 118.58, 193.15, '2017-08-16', '2020-03-23'),
(274, 137, 'LOT-2018-04-29', 667.78, 763.86, '2018-04-29', '2021-02-26'),
(275, 137, 'LOT-2018-12-14', 901.07, 939.04, '2018-12-14', '2021-12-04'),
(276, 137, 'LOT-2018-04-18', 504.48, 521.63, '2018-04-18', '2019-06-11'),
(277, 138, 'LOT-2018-12-18', 118.16, 174.52, '2018-12-18', '2021-05-04'),
(278, 138, 'LOT-2018-11-10', 452.02, 474.5, '2018-11-10', '2021-03-01'),
(279, 138, 'LOT-2017-08-17', 195.22, 196.65, '2017-08-17', '2019-08-21'),
(280, 141, 'LOT-2017-06-23', 796.54, 819.78, '2017-06-23', '2020-01-24'),
(281, 141, 'LOT-2018-02-12', 704.74, 752.61, '2018-02-12', '2019-11-25'),
(282, 141, 'LOT-2018-03-02', 608.71, 665.09, '2018-03-02', '2020-04-09'),
(283, 142, 'LOT-2017-02-03', 333.17, 421.13, '2017-02-03', '2018-02-25'),
(285, 143, 'LOT-2017-11-27', 524.79, 552.44, '2017-11-27', '2020-07-27'),
(286, 143, 'LOT-2018-02-18', 483.62, 526.35, '2018-02-18', '2019-03-26'),
(287, 143, 'LOT-2017-11-02', 156.7, 231.47, '2017-11-02', '2019-06-16'),
(288, 144, 'LOT-2018-01-13', 70.82, 77.41, '2018-01-13', '2020-04-28'),
(290, 144, 'LOT-2017-03-03', 522.22, 561.89, '2017-03-03', '2019-05-19'),
(291, 144, 'LOT-2017-03-26', 166.49, 209.82, '2017-03-26', '2019-02-06'),
(292, 145, 'LOT-2017-03-10', 499.86, 556.6, '2017-03-10', '2019-05-26'),
(293, 145, 'LOT-2018-02-24', 181.29, 207.41, '2018-02-24', '2019-04-17'),
(294, 145, 'LOT-2017-10-02', 932.83, 967.48, '2017-10-02', '2020-08-15'),
(295, 145, 'LOT-2018-07-12', 926.71, 965.72, '2018-07-12', '2019-09-10'),
(296, 146, 'LOT-2017-05-04', 425.14, 464.72, '2017-05-04', '2019-11-27'),
(297, 146, 'LOT-2018-03-23', 635.02, 728.26, '2018-03-23', '2020-01-11'),
(298, 146, 'LOT-2018-01-13', 481.05, 558.32, '2018-01-13', '2020-05-22'),
(299, 147, 'LOT-2017-08-27', 652.08, 697.14, '2017-08-27', '2019-05-12'),
(300, 147, 'LOT-2018-10-22', 618.57, 621.82, '2018-10-22', '2020-12-14'),
(301, 147, 'LOT-2017-03-30', 42.75, 121.35, '2017-03-30', '2019-06-01'),
(302, 147, 'LOT-2018-06-22', 764.84, 785.85, '2018-06-22', '2021-05-26'),
(303, 150, 'LOT-2017-05-01', 130.16, 195.49, '2017-05-01', '2020-01-07'),
(304, 150, 'LOT-2018-03-18', 723.68, 794.45, '2018-03-18', '2019-12-03'),
(305, 150, 'LOT-2018-07-24', 391.48, 409.3, '2018-07-24', '2020-09-23'),
(306, 150, 'LOT-2017-01-29', 840.81, 928.12, '2017-01-29', '2018-08-01'),
(307, 151, 'LOT-2018-02-17', 343.58, 371.18, '2018-02-17', '2019-11-27'),
(308, 151, 'LOT-2018-04-20', 150.48, 218.91, '2018-04-20', '2020-06-10'),
(309, 151, 'LOT-2018-09-18', 21.67, 66.37, '2018-09-18', '2021-05-03'),
(310, 151, 'LOT-2018-04-08', 321.28, 321.29, '2018-04-08', '2019-05-21'),
(311, 153, 'LOT-2018-05-11', 122.73, 174.7, '2018-05-11', '2021-03-29'),
(312, 153, 'LOT-2017-09-26', 397.68, 407.82, '2017-09-26', '2019-01-30'),
(313, 153, 'LOT-2018-06-09', 539.9, 634.72, '2018-06-09', '2021-03-26'),
(315, 156, 'LOT-2018-03-19', 659.19, 698, '2018-03-19', '2019-06-17'),
(317, 156, 'LOT-2018-06-24', 82.55, 159.39, '2018-06-24', '2020-03-30'),
(318, 157, 'LOT-2018-01-24', 264.89, 287.18, '2018-01-24', '2019-04-19'),
(319, 157, 'LOT-2018-09-14', 998.11, 1050.68, '2018-09-14', '2020-02-10'),
(320, 157, 'LOT-2017-08-06', 375.99, 420.42, '2017-08-06', '2019-10-09'),
(321, 158, 'LOT-2017-08-02', 677.13, 717.87, '2017-08-02', '2019-05-05'),
(322, 158, 'LOT-2017-03-19', 34.51, 55.33, '2017-03-19', '2018-06-20'),
(323, 158, 'LOT-2017-11-02', 197.9, 220.4, '2017-11-02', '2020-04-18'),
(324, 159, 'LOT-2017-04-16', 571.22, 605.4, '2017-04-16', '2020-01-10'),
(325, 160, 'LOT-2017-05-13', 364.09, 370.52, '2017-05-13', '2020-01-16'),
(327, 160, 'LOT-2017-12-29', 345.39, 381.44, '2017-12-29', '2020-02-02'),
(328, 160, 'LOT-2018-08-16', 722.15, 768.4, '2018-08-16', '2021-05-27'),
(329, 161, 'LOT-2018-04-10', 426.52, 458.94, '2018-04-10', '2021-01-25'),
(330, 161, 'LOT-2017-05-27', 235.56, 249.51, '2017-05-27', '2020-04-03'),
(331, 162, 'LOT-2017-06-13', 554.46, 573.99, '2017-06-13', '2019-05-23'),
(332, 162, 'LOT-2018-10-01', 936.02, 1035.79, '2018-10-01', '2019-12-18'),
(333, 162, 'LOT-2017-03-27', 35.82, 91.71, '2017-03-27', '2019-04-15'),
(334, 163, 'LOT-2018-06-16', 995.42, 1053.41, '2018-06-16', '2019-09-22'),
(335, 163, 'LOT-2018-10-05', 901.18, 990.13, '2018-10-05', '2021-04-27'),
(336, 163, 'LOT-2017-12-01', 13.27, 98.62, '2017-12-01', '2019-09-08'),
(337, 163, 'LOT-2017-01-10', 673.44, 721.94, '2017-01-10', '2018-07-28'),
(338, 164, 'LOT-2017-03-29', 393.25, 395.05, '2017-03-29', '2019-12-23'),
(339, 165, 'LOT-2018-05-27', 823.64, 912.73, '2018-05-27', '2020-10-06'),
(340, 165, 'LOT-2017-11-16', 949.8, 953.32, '2017-11-16', '2020-04-11'),
(341, 166, 'LOT-2017-01-25', 647.64, 704.34, '2017-01-25', '2018-04-12'),
(342, 166, 'LOT-2017-12-04', 213.41, 219.77, '2017-12-04', '2019-05-17'),
(343, 166, 'LOT-2017-07-09', 749.19, 806.32, '2017-07-09', '2019-04-16'),
(345, 167, 'LOT-2017-05-18', 520.39, 542.7, '2017-05-18', '2019-12-12'),
(346, 169, 'LOT-2017-09-17', 678.11, 738.88, '2017-09-17', '2019-07-16'),
(347, 169, 'LOT-2018-10-08', 674.17, 729.67, '2018-10-08', '2020-08-28'),
(348, 170, 'LOT-2018-03-10', 597.08, 654.71, '2018-03-10', '2020-02-01'),
(349, 170, 'LOT-2018-07-04', 759.25, 829.37, '2018-07-04', '2020-10-12'),
(350, 171, 'LOT-2018-11-25', 435.14, 465.08, '2018-11-25', '2020-07-20'),
(351, 171, 'LOT-2017-05-07', 220.32, 276.37, '2017-05-07', '2019-06-30'),
(352, 172, 'LOT-2017-11-07', 823.66, 886.86, '2017-11-07', '2019-12-05'),
(353, 172, 'LOT-2018-04-25', 233.53, 284.32, '2018-04-25', '2019-12-21'),
(355, 172, 'LOT-2018-09-30', 83.65, 94.85, '2018-09-30', '2021-05-08'),
(356, 177, 'LOT-2017-05-07', 79.82, 105.37, '2017-05-07', '2019-11-11'),
(357, 177, 'LOT-2018-01-05', 904.24, 998.22, '2018-01-05', '2020-10-23'),
(358, 177, 'LOT-2018-05-12', 13.48, 91.4, '2018-05-12', '2020-05-02'),
(359, 178, 'LOT-2017-05-14', 407.74, 445.2, '2017-05-14', '2019-01-06'),
(360, 179, 'LOT-2018-07-27', 991.16, 993.22, '2018-07-27', '2021-05-17'),
(361, 179, 'LOT-2018-02-18', 470.81, 521.38, '2018-02-18', '2020-12-15'),
(362, 179, 'LOT-2018-09-24', 936.83, 1013.98, '2018-09-24', '2021-05-09'),
(363, 179, 'LOT-2017-11-08', 160.25, 167.85, '2017-11-08', '2019-11-29'),
(364, 180, 'LOT-2017-05-21', 165.3, 218.65, '2017-05-21', '2018-07-03'),
(365, 180, 'LOT-2018-06-13', 545.94, 581.44, '2018-06-13', '2019-10-21'),
(366, 180, 'LOT-2018-10-22', 757.05, 777.9, '2018-10-22', '2020-08-26'),
(367, 181, 'LOT-2017-05-31', 791.17, 880.98, '2017-05-31', '2020-01-27'),
(368, 181, 'LOT-2018-04-28', 218.68, 314.26, '2018-04-28', '2020-12-28'),
(369, 181, 'LOT-2018-09-01', 719.28, 742.83, '2018-09-01', '2021-06-12'),
(370, 182, 'LOT-2018-08-13', 478.88, 511.76, '2018-08-13', '2021-02-06'),
(371, 182, 'LOT-2017-10-15', 115.84, 196.27, '2017-10-15', '2020-09-07'),
(372, 183, 'LOT-2018-01-01', 993.86, 1026.09, '2018-01-01', '2020-06-10'),
(373, 184, 'LOT-2018-04-06', 400.8, 468.11, '2018-04-06', '2019-09-14'),
(374, 184, 'LOT-2017-10-23', 955.36, 1014.53, '2017-10-23', '2019-08-29'),
(375, 184, 'LOT-2017-07-25', 385.9, 431.29, '2017-07-25', '2020-04-22'),
(376, 185, 'LOT-2018-07-27', 47.55, 127.06, '2018-07-27', '2020-03-22'),
(377, 185, 'LOT-2018-05-16', 783.29, 836.45, '2018-05-16', '2020-03-18'),
(378, 185, 'LOT-2017-09-10', 182.59, 209.94, '2017-09-10', '2020-02-11'),
(379, 186, 'LOT-2017-02-19', 197.16, 230.39, '2017-02-19', '2018-07-07'),
(380, 186, 'LOT-2017-08-18', 913.93, 1008.18, '2017-08-18', '2019-10-30'),
(381, 186, 'LOT-2017-06-09', 641.67, 714.24, '2017-06-09', '2020-03-26'),
(382, 188, 'LOT-2018-11-07', 583.33, 681.67, '2018-11-07', '2019-11-23'),
(383, 189, 'LOT-2018-11-05', 856.88, 938.2, '2018-11-05', '2020-05-10'),
(384, 189, 'LOT-2018-07-29', 653.6, 702.37, '2018-07-29', '2021-05-13'),
(385, 189, 'LOT-2018-05-06', 982.29, 1055.98, '2018-05-06', '2021-04-07'),
(386, 191, 'LOT-2018-01-21', 815.54, 821.2, '2018-01-21', '2019-01-28'),
(387, 191, 'LOT-2018-09-16', 612.01, 620.58, '2018-09-16', '2020-05-27'),
(388, 191, 'LOT-2018-11-12', 412.26, 445.2, '2018-11-12', '2020-08-30'),
(389, 191, 'LOT-2018-01-31', 104.98, 113.91, '2018-01-31', '2019-03-03'),
(390, 192, 'LOT-2017-10-27', 878.44, 916.39, '2017-10-27', '2019-02-23'),
(391, 192, 'LOT-2017-07-30', 212.43, 231.17, '2017-07-30', '2019-05-22'),
(392, 192, 'LOT-2017-04-22', 728.11, 734.41, '2017-04-22', '2019-12-06'),
(393, 193, 'LOT-2017-03-08', 35.09, 77.81, '2017-03-08', '2018-09-13'),
(394, 195, 'LOT-2018-07-22', 123.83, 133.76, '2018-07-22', '2020-04-30'),
(395, 195, 'LOT-2017-08-24', 604.25, 622.21, '2017-08-24', '2020-02-17'),
(396, 195, 'LOT-2017-02-15', 954.54, 1027.28, '2017-02-15', '2018-08-18'),
(397, 195, 'LOT-2017-07-24', 256, 268.22, '2017-07-24', '2020-07-17'),
(398, 196, 'LOT-2017-03-21', 208.15, 232.42, '2017-03-21', '2018-04-18'),
(399, 196, 'LOT-2018-04-29', 288.59, 317.47, '2018-04-29', '2020-12-07'),
(400, 197, 'LOT-2018-03-16', 804.29, 844.4, '2018-03-16', '2021-01-29'),
(401, 197, 'LOT-2018-07-13', 851.19, 883.12, '2018-07-13', '2020-07-09'),
(402, 197, 'LOT-2018-03-11', 210.96, 264.76, '2018-03-11', '2019-07-03'),
(403, 197, 'LOT-2017-10-29', 582.7, 600.59, '2017-10-29', '2020-03-04'),
(404, 198, 'LOT-2017-06-14', 886.57, 956.82, '2017-06-14', '2019-02-21'),
(405, 198, 'LOT-2017-02-02', 300.66, 321.65, '2017-02-02', '2018-09-12');

-- --------------------------------------------------------

--
-- Estructura Stand-in para la vista `loteexistencia`
-- (Véase abajo para la vista actual)
--
DROP VIEW IF EXISTS `loteexistencia`;
CREATE TABLE IF NOT EXISTS `loteexistencia` (
`id_lote` int(11)
,`existencia` decimal(33,0)
);

-- --------------------------------------------------------

--
-- Estructura de tabla para la tabla `medicamentos`
--

DROP TABLE IF EXISTS `medicamentos`;
CREATE TABLE IF NOT EXISTS `medicamentos` (
  `id_medicamento` int(11) NOT NULL AUTO_INCREMENT,
  `id_laboratorio` int(11) NOT NULL,
  `id_producto` int(11) NOT NULL,
  PRIMARY KEY (`id_medicamento`),
  UNIQUE KEY `medic_uq` (`id_producto`),
  KEY `id_laboratorio` (`id_laboratorio`)
) ENGINE=InnoDB DEFAULT CHARSET=utf8 COLLATE=utf8_spanish_ci;

-- --------------------------------------------------------

--
-- Estructura de tabla para la tabla `movimiento_producto`
--

DROP TABLE IF EXISTS `movimiento_producto`;
CREATE TABLE IF NOT EXISTS `movimiento_producto` (
  `id_movimiento` int(11) NOT NULL AUTO_INCREMENT,
  `fecha` date NOT NULL,
  `id_empleado` int(11) NOT NULL,
  `tipo_movimiento` varchar(1) COLLATE utf8_spanish_ci DEFAULT 'A',
  PRIMARY KEY (`id_movimiento`),
  KEY `id_empleado` (`id_empleado`)
) ENGINE=InnoDB AUTO_INCREMENT=97 DEFAULT CHARSET=utf8 COLLATE=utf8_spanish_ci;

--
-- Volcado de datos para la tabla `movimiento_producto`
--

INSERT INTO `movimiento_producto` (`id_movimiento`, `fecha`, `id_empleado`, `tipo_movimiento`) VALUES
(1, '2019-01-14', 11, 'R'),
(4, '2017-03-18', 8, 'A'),
(5, '2018-03-22', 26, 'A'),
(10, '2018-02-21', 27, 'A'),
(12, '2017-10-25', 29, 'A'),
(13, '2018-07-16', 20, 'A'),
(15, '2017-09-08', 17, 'A'),
(17, '2018-05-06', 6, 'A'),
(18, '2017-09-25', 5, 'A'),
(19, '2018-03-08', 29, 'A'),
(20, '2018-02-15', 11, 'A'),
(24, '2017-08-26', 15, 'A'),
(26, '2018-01-22', 19, 'A'),
(28, '2017-01-22', 28, 'A'),
(29, '2017-10-10', 16, 'A'),
(33, '2018-10-06', 26, 'A'),
(34, '2018-06-06', 16, 'A'),
(36, '2018-12-22', 22, 'A'),
(40, '2018-12-23', 26, 'A'),
(42, '2017-03-26', 11, 'A'),
(43, '2017-02-06', 9, 'A'),
(49, '2017-11-24', 21, 'A'),
(51, '2018-05-11', 15, 'A'),
(52, '2017-08-05', 28, 'A'),
(53, '2018-07-07', 10, 'A'),
(55, '2018-06-08', 27, 'A'),
(57, '2018-08-24', 28, 'A'),
(58, '2017-05-14', 8, 'A'),
(59, '2017-01-20', 30, 'A'),
(60, '2017-03-11', 26, 'A'),
(63, '2017-03-11', 9, 'A'),
(64, '2017-11-04', 29, 'A'),
(66, '2018-04-30', 15, 'A'),
(67, '2017-12-25', 8, 'A'),
(68, '2018-11-04', 7, 'A'),
(69, '2017-12-20', 21, 'A'),
(70, '2017-06-26', 30, 'A'),
(71, '2017-05-27', 20, 'A'),
(74, '2017-10-01', 9, 'A'),
(76, '2017-11-06', 25, 'A'),
(77, '2017-11-16', 20, 'A'),
(79, '2018-02-07', 19, 'A'),
(81, '2017-03-07', 11, 'A'),
(82, '2018-12-20', 29, 'A'),
(85, '2018-03-10', 29, 'A'),
(88, '2018-05-16', 22, 'A'),
(91, '2018-08-31', 5, 'A'),
(93, '2018-12-18', 27, 'A'),
(94, '2018-07-03', 28, 'A'),
(95, '2017-07-08', 18, 'A'),
(96, '2017-02-04', 2, 'A');

-- --------------------------------------------------------

--
-- Estructura de tabla para la tabla `municipio`
--

DROP TABLE IF EXISTS `municipio`;
CREATE TABLE IF NOT EXISTS `municipio` (
  `id_municipio` varchar(4) COLLATE utf8_spanish_ci NOT NULL,
  `municipio` varchar(100) COLLATE utf8_spanish_ci NOT NULL,
  `id_departamento` varchar(2) COLLATE utf8_spanish_ci NOT NULL,
  PRIMARY KEY (`id_municipio`),
  KEY `municipio_ibfk_1` (`id_departamento`)
) ENGINE=InnoDB DEFAULT CHARSET=utf8 COLLATE=utf8_spanish_ci;

--
-- Volcado de datos para la tabla `municipio`
--

INSERT INTO `municipio` (`id_municipio`, `municipio`, `id_departamento`) VALUES
('0101', ' La Ceiba', '01'),
('0102', ' El Porvenir', '01'),
('0103', ' Esparta', '01'),
('0104', ' Jutiapa', '01'),
('0105', ' La Masica', '01'),
('0106', ' San Francisco', '01'),
('0107', ' Tela', '01'),
('0108', ' Arizona', '01'),
('0201', ' Trujillo', '02'),
('0202', ' Balfate', '02'),
('0203', ' Iriona', '02'),
('0204', ' Limón', '02'),
('0205', ' Sabá', '02'),
('0206', ' Santa Fe', '02'),
('0207', ' Sta. Rosa De Aguán', '02'),
('0208', ' Sonaguera', '02'),
('0209', ' Tocoa', '02'),
('0210', ' Bonito Oriental', '02'),
('0301', ' Comayagua', '03'),
('0302', ' Ajuterique', '03'),
('0303', ' El Rosario', '03'),
('0304', ' Esquías', '03'),
('0305', ' Humuya', '03'),
('0306', ' La Libertad', '03'),
('0307', ' Lamaní', '03'),
('0308', ' La Trinidad', '03'),
('0309', ' Lejamaní', '03'),
('0310', ' Meámbar', '03'),
('0311', ' Minas De Oro', '03'),
('0312', ' Ojos De Agua', '03'),
('0313', ' San Jerónimo', '03'),
('0314', ' S. José De Comayag.', '03'),
('0315', ' S. José Del Potrero', '03'),
('0316', ' San Luis', '03'),
('0317', ' San Sebastián', '03'),
('0318', ' Siguatepeque', '03'),
('0319', ' Villa De S. Antonio', '03'),
('0320', ' Lajas', '03'),
('0321', ' Taulabé', '03'),
('0401', ' Sta. Rosa De Copán', '04'),
('0402', ' Cabañas', '04'),
('0403', ' Concepción', '04'),
('0404', ' Copán Ruinas', '04'),
('0405', ' Corquín', '04'),
('0406', ' Cucuyagua', '04'),
('0407', ' Dolores', '04'),
('0408', ' Dulce Nombre', '04'),
('0409', ' El Paraíso', '04'),
('0410', ' Florida', '04'),
('0411', ' La Jigua', '04'),
('0412', ' La Unión', '04'),
('0413', ' Nueva Arcadia', '04'),
('0414', ' San Agustín', '04'),
('0415', ' San Antonio', '04'),
('0416', ' San Jerónimo', '04'),
('0417', ' San José', '04'),
('0418', ' San Juan De Opoa', '04'),
('0419', ' San Nicolás', '04'),
('0420', ' San Pedro', '04'),
('0421', ' Santa Rita', '04'),
('0422', ' Trinidad', '04'),
('0423', ' Veracruz', '04'),
('0501', ' San Pedro Sula', '05'),
('0502', ' Choloma', '05'),
('0503', ' Omoa', '05'),
('0504', ' Pimienta', '05'),
('0505', ' Potrerillos', '05'),
('0506', ' Puerto Cortés', '05'),
('0507', ' S. Antonio De Cortés', '05'),
('0508', ' San Fco. De Yojoa', '05'),
('0509', ' San Manuel', '05'),
('0510', ' Sta. Cruz De Yojoa', '05'),
('0511', ' Villanueva', '05'),
('0512', ' La Lima', '05'),
('0601', ' Choluteca', '06'),
('0602', ' Apacilagua', '06'),
('0603', ' Concepción De María', '06'),
('0604', ' Duyure', '06'),
('0606', ' El Triunfo', '06'),
('0607', ' Marcovia', '06'),
('0608', ' Morolica', '06'),
('0609', ' Namasigüe', '06'),
('0610', ' Orocuina', '06'),
('0611', ' Pespire', '06'),
('0612', ' S. Antonio De Flores', '06'),
('0613', ' San Isidro', '06'),
('0614', ' San José', '06'),
('0615', ' S. Marcos De Colón', '06'),
('0616', ' Sta. Ana De Yusguare', '06'),
('0701', ' Yuscarán', '07'),
('0702', ' Alauca', '07'),
('0703', ' Danlí', '07'),
('0704', ' El Paraíso', '07'),
('0705', ' Güinope', '07'),
('0706', ' Jacaleapa', '07'),
('0707', ' Liure', '07'),
('0708', ' Morocelí', '07'),
('0709', ' Oropolí', '07'),
('0710', ' Potrerillos', '07'),
('0711', ' S. Antonio De Flores', '07'),
('0712', ' San Lucas', '07'),
('0713', ' San Matías', '07'),
('0714', ' Soledad', '07'),
('0715', ' Teupasenti', '07'),
('0716', ' Texiguat', '07'),
('0717', ' Vado Ancho', '07'),
('0718', ' Yauyupe', '07'),
('0719', ' Trojes', '07'),
('0801', ' Distrito Central', '08'),
('0802', ' Alubarén', '08'),
('0803', ' Cedros', '08'),
('0804', ' Curarén', '08'),
('0805', ' El Provenir', '08'),
('0806', ' Guaimaca', '08'),
('0807', ' La Libertad', '08'),
('0808', ' La Venta', '08'),
('0809', ' Lepaterique', '08'),
('0811', ' Marale', '08'),
('0812', ' Nueva Aremnia', '08'),
('0813', ' Ojojona', '08'),
('0814', ' Orica', '08'),
('0815', ' Reitoca', '08'),
('0816', ' Sabanagrande', '08'),
('0817', ' S. Antonio De Oriente', '08'),
('0818', ' San Buenaventura', '08'),
('0819', ' San Ignacio', '08'),
('0820', ' San Juan De Flores', '08'),
('0821', ' San Miguelito', '08'),
('0822', ' Santa Ana', '08'),
('0823', ' Santa Lucía', '08'),
('0824', ' Talanga', '08'),
('0825', ' Tatumbla', '08'),
('0826', ' Valle De Ángeles', '08'),
('0827', ' Villa De San Francisco', '08'),
('0828', ' Vallecillo', '08'),
('0901', ' Puerto Lempira', '09'),
('0902', ' Brus Laguna', '09'),
('0903', ' Ahuas', '09'),
('0904', ' Juan Francisco Bulnes', '09'),
('0905', ' Villeda Morales', '09'),
('0906', ' Wampusirpe', '09'),
('1001', ' La Esperanza', '10'),
('1002', ' Camasca', '10'),
('1003', ' Colomoncagua', '10'),
('1004', ' Concepción', '10'),
('1005', ' Dolores', '10'),
('1006', ' Intibucá', '10'),
('1007', ' Jesú S De Otoro', '10'),
('1008', ' Magdalena', '10'),
('1009', ' Masaguara', '10'),
('1010', ' San Antonio', '10'),
('1011', ' San Isidro', '10'),
('1012', ' San Juan De Flores', '10'),
('1013', ' S. Marcos De La Sierra', '10'),
('1014', ' S. Miguel Guancapla', '10'),
('1015', ' Santa Lucía', '10'),
('1017', ' S. Francisco Opalaca', '10'),
('1101', ' Roatán', '11'),
('1102', ' Guanaja', '11'),
('1103', ' J. Santos Guardiola', '11'),
('1104', ' Utila', '11'),
('1201', ' La Paz', '12'),
('1202', ' Aguanqueterique', '12'),
('1203', ' Cabañas', '12'),
('1204', ' Cane', '12'),
('1205', ' Chinacla', '12'),
('1206', ' Guajiquiro', '12'),
('1207', ' Lauterique', '12'),
('1208', ' Marcala', '12'),
('1209', ' Mercedes De Oriente', '12'),
('1210', ' Opatoro', '12'),
('1211', ' S. Antonio Del Norte', '12'),
('1212', ' San José', '12'),
('1213', ' San Juan', '12'),
('1214', ' San Pedro De Tutule', '12'),
('1215', ' Santa Ana', '12'),
('1216', ' Santa Elena', '12'),
('1217', ' Santa María', '12'),
('1218', ' Santiago Puringla', '12'),
('1219', ' Yarula', '12'),
('1301', ' Gracias', '13'),
('1302', ' Belén', '13'),
('1303', ' Candelaria', '13'),
('1304', ' Cololaca', '13'),
('1305', ' Erandique', '13'),
('1306', ' Gualcinse', '13'),
('1307', ' Guarita', '13'),
('1308', ' La Campa', '13'),
('1309', ' La Iguala', '13'),
('1310', ' Las Flores', '13'),
('1311', ' La Unión', '13'),
('1312', ' La Virtud', '13'),
('1313', ' Lepaera', '13'),
('1314', ' Mapulaca', '13'),
('1316', ' San Andrés', '13'),
('1317', ' San Francisco', '13'),
('1318', ' San Juan Guarita', '13'),
('1319', ' San Manuel Colohete', '13'),
('1320', ' San Rafael', '13'),
('1321', ' San Sebastián', '13'),
('1322', ' Santa Cruz', '13'),
('1323', ' Talgua', '13'),
('1324', ' Tambla', '13'),
('1325', ' Tomala', '13'),
('1326', ' Valladolid', '13'),
('1327', ' Virginia', '13'),
('1328', ' S. Marcos De Caiquín', '13'),
('1401', ' Nueva Ocotepeque', '14'),
('1402', ' Belén Gualcho', '14'),
('1403', ' Concepción', '14'),
('1404', ' Dolores Merendón', '14'),
('1405', ' Fraternidad', '14'),
('1406', ' La Encarnación', '14'),
('1407', ' La Labor', '14'),
('1408', ' Lucerna', '14'),
('1409', ' Mercedes', '14'),
('1410', ' San Fernando', '14'),
('1411', ' S. Francisco Del Valle', '14'),
('1412', ' San Jorge', '14'),
('1413', ' San Marcos', '14'),
('1414', ' Santa Fe', '14'),
('1415', ' Sensenti', '14'),
('1416', ' Sinuapa', '14'),
('1501', ' Juticalpa', '15'),
('1502', ' Campamento', '15'),
('1503', ' Catacamas', '15'),
('1504', ' Concordia', '15'),
('1505', ' Dulce Nombre De Culmí', '15'),
('1506', ' El Rosario', '15'),
('1507', ' Esquipulas Del Norte', '15'),
('1508', ' Gualaco', '15'),
('1509', ' Guarizama', '15'),
('1510', ' Guata', '15'),
('1512', ' Jano', '15'),
('1513', ' La Unión', '15'),
('1514', ' Mangulile', '15'),
('1515', ' Manto', '15'),
('1516', ' Salamá', '15'),
('1517', ' San Esteban', '15'),
('1518', ' S. Francisco De Becerra', '15'),
('1519', ' S. Francisco De La Paz', '15'),
('1520', ' Santa María Del Real', '15'),
('1521', ' Silca', '15'),
('1522', ' Yocón', '15'),
('1523', ' Froylan Turcios', '15'),
('1601', ' Santa Bárbara', '16'),
('1602', ' Arada', '16'),
('1603', ' Atima', '16'),
('1604', ' Azacualpa', '16'),
('1605', ' Ceguaca', '16'),
('1606', ' Colinas', '16'),
('1607', ' Concepción Del Norte', '16'),
('1608', ' Conceppción Del Sur', '16'),
('1609', ' Chinda', '16'),
('1610', ' El Níspero', '16'),
('1611', ' Gualala', '16'),
('1612', ' Ilama', '16'),
('1613', ' Macuelizo', '16'),
('1614', ' Naranjito', '16'),
('1615', ' Nueva Celilac', '16'),
('1616', ' Petoa', '16'),
('1617', ' Protección', '16'),
('1618', ' Quimistán', '16'),
('1619', ' S. Francisco De Ojuera', '16'),
('1620', ' San Luis', '16'),
('1621', ' San Marcos', '16'),
('1622', ' San Nicolás', '16'),
('1623', ' San Pedro Zacapa', '16'),
('1624', ' Santa Rita', '16'),
('1625', ' S. Vicente Centenario', '16'),
('1626', ' Trinidad', '16'),
('1627', ' Las Vegas', '16'),
('1628', ' Nueva Frontera', '16'),
('1701', ' Nacaome', '17'),
('1702', ' Alianza', '17'),
('1703', ' Amapala', '17'),
('1704', ' Aramecina', '17'),
('1705', ' Caridad', '17'),
('1706', ' Goascorán', '17'),
('1707', ' Langue', '17'),
('1708', ' San Fco. De Coray', '17'),
('1709', ' San Lorenzo', '17'),
('1801', ' Yoro', '18'),
('1802', ' Arenal', '18'),
('1803', ' El Negrita', '18'),
('1804', ' El Progreso', '18'),
('1805', ' Jocón', '18'),
('1806', ' Morazán', '18'),
('1807', ' Olanchito', '18'),
('1808', ' Santa Rita', '18'),
('1809', ' Sulaco', '18'),
('1810', ' Victoria', '18'),
('1811', ' Yorito', '18');

-- --------------------------------------------------------

--
-- Estructura de tabla para la tabla `pantalla`
--

DROP TABLE IF EXISTS `pantalla`;
CREATE TABLE IF NOT EXISTS `pantalla` (
  `id_pantalla` int(11) NOT NULL AUTO_INCREMENT,
  `pantalla` varchar(45) COLLATE utf8_spanish_ci NOT NULL,
  PRIMARY KEY (`id_pantalla`)
) ENGINE=InnoDB DEFAULT CHARSET=utf8 COLLATE=utf8_spanish_ci;

-- --------------------------------------------------------

--
-- Estructura de tabla para la tabla `pantalla_tipo_usuario`
--

DROP TABLE IF EXISTS `pantalla_tipo_usuario`;
CREATE TABLE IF NOT EXISTS `pantalla_tipo_usuario` (
  `id_pantalla` int(11) NOT NULL,
  `id_tipo_usuario` int(11) NOT NULL,
  KEY `id_pantalla` (`id_pantalla`),
  KEY `id_tipo_usuario` (`id_tipo_usuario`)
) ENGINE=InnoDB DEFAULT CHARSET=utf8 COLLATE=utf8_spanish_ci;

-- --------------------------------------------------------

--
-- Estructura de tabla para la tabla `partido`
--

DROP TABLE IF EXISTS `partido`;
CREATE TABLE IF NOT EXISTS `partido` (
  `id_partido` int(11) NOT NULL AUTO_INCREMENT,
  `partido` varchar(100) COLLATE utf8_spanish_ci DEFAULT NULL,
  PRIMARY KEY (`id_partido`)
) ENGINE=InnoDB AUTO_INCREMENT=2 DEFAULT CHARSET=utf8 COLLATE=utf8_spanish_ci;

--
-- Volcado de datos para la tabla `partido`
--

INSERT INTO `partido` (`id_partido`, `partido`) VALUES
(1, 'Kaboom');

-- --------------------------------------------------------

--
-- Estructura de tabla para la tabla `persona`
--

DROP TABLE IF EXISTS `persona`;
CREATE TABLE IF NOT EXISTS `persona` (
  `id_persona` int(11) NOT NULL AUTO_INCREMENT,
  `primer_nombre` varchar(50) COLLATE utf8_spanish_ci NOT NULL,
  `segundo_nombre` varchar(50) COLLATE utf8_spanish_ci DEFAULT NULL,
  `primer_apellido` varchar(50) COLLATE utf8_spanish_ci NOT NULL,
  `segundo_apellido` varchar(50) COLLATE utf8_spanish_ci DEFAULT NULL,
  `sexo` varchar(1) COLLATE utf8_spanish_ci NOT NULL,
  `direccion` varchar(300) COLLATE utf8_spanish_ci DEFAULT NULL,
  `correo_electronico` varchar(100) COLLATE utf8_spanish_ci DEFAULT NULL,
  `numero_identidad` varchar(13) COLLATE utf8_spanish_ci NOT NULL,
  `fecha_nacimiento` date DEFAULT NULL,
  PRIMARY KEY (`id_persona`),
  UNIQUE KEY `identidad_uq` (`numero_identidad`)
) ENGINE=InnoDB AUTO_INCREMENT=501 DEFAULT CHARSET=utf8 COLLATE=utf8_spanish_ci;

--
-- Volcado de datos para la tabla `persona`
--

INSERT INTO `persona` (`id_persona`, `primer_nombre`, `segundo_nombre`, `primer_apellido`, `segundo_apellido`, `sexo`, `direccion`, `correo_electronico`, `numero_identidad`, `fecha_nacimiento`) VALUES
(1, 'Olivette', 'Flor', 'Gozzard', 'Jacobsson', 'F', '8066 Gateway Lane', 'olivette.gozzard0@unah.hn', '0308197696122', '1976-08-16'),
(2, 'Phyllida', 'Erica', 'Klosterman', 'Atcherley', 'F', NULL, 'phyllida_klosterman@unah.hn', '1821197264846', '1972-05-03'),
(3, 'Harri', 'Mae', 'Ordemann', 'Stroobant', 'F', '8 American Center', 'harri_ordemann97@live.com', '0302193781545', '1937-05-19'),
(4, 'Eward', 'Heywood', 'Abbiss', 'Stonman', 'M', NULL, 'eward.abbiss9@gmail.com', '0710195198104', '1951-03-22'),
(5, 'Perren', 'Ermin', 'Apple', 'Bernini', 'M', '91 Hooker Circle', 'perren_apple@gmail.com', '1215199416202', '1994-09-23'),
(6, 'Zorine', 'Fifi', 'Battlestone', 'Landeg', 'F', NULL, 'zorine.battlestone@yahoo.com', '1318199757407', '1997-05-15'),
(7, 'Lyndsay', 'Alidia', 'Kirton', 'Hoyle', 'F', '48091 Pleasure Pass', 'lyndsay_kirton22@unah.hn', '0804198616442', '1986-05-22'),
(8, 'Shelby', 'Adella', 'Gillbe', 'McTavish', 'F', NULL, 'shelby.gillbe2@unah.hn', '0410194085406', '1940-08-17'),
(9, 'Jodee', 'Janeta', 'Rome', 'Higgonet', 'F', '1 Rigney Alley', 'jodee.rome@unah.hn', '0202197316931', '1973-08-05'),
(10, 'Cary', 'Inglebert', 'Severy', 'Meller', 'M', '406 Bowman Way', 'cary_severy@unah.hn', '1501197766151', '1977-08-09'),
(11, 'Isadora', NULL, 'Owlner', NULL, 'F', '93124 Havey Terrace', 'isadora.owlner9@unah.hn', '1711199317976', '1993-11-15'),
(12, 'Alina', 'Dawna', 'O-Kelly', 'Matfin', 'F', NULL, 'alina.o-kelly@live.com', '0423200035393', '2000-11-07'),
(13, 'Morgan', 'Dennison', 'Extil', 'O- Mahony', 'M', '2 Forest Run Parkway', 'morgan_extil9@gmail.com', '0622198322687', '1983-10-09'),
(14, 'Silvain', NULL, 'Caldero', NULL, 'M', NULL, 'silvain.caldero2@unah.hn', '1414197641668', '1976-07-02'),
(15, 'Seward', 'Irwin', 'Bartell', 'Stowte', 'M', NULL, 'seward_bartell56@unah.hn', '0316196063335', '1960-09-29'),
(16, 'Jasun', 'Alphard', 'Tenman', 'Gyurkovics', 'M', NULL, 'jasun.tenman40@live.com', '0919193670198', '1936-12-20'),
(17, 'Hermon', 'Andrew', 'Ghion', 'Yedall', 'M', NULL, 'hermon.ghion7@yahoo.com', '0424198854813', '1988-01-11'),
(18, 'Davey', NULL, 'Matous', NULL, 'M', NULL, 'davey_matous1@unah.hn', '1704199545790', '1995-12-04'),
(19, 'Sollie', NULL, 'Pigdon', NULL, 'M', '79 Montana Terrace', 'sollie.pigdon@unah.hn', '0419199882821', '1998-06-07'),
(20, 'Katharina', 'Corella', 'Jezzard', 'Van der Kruijs', 'F', NULL, 'katharina.jezzard3@unah.hn', '1722193883100', '1938-05-12'),
(21, 'Melanie', 'Caril', 'Wyley', 'Ibanez', 'F', NULL, 'melanie_wyley@live.com', '1328195391141', '1953-12-02'),
(22, 'Joanna', NULL, 'Amphlett', NULL, 'F', '633 Main Parkway', 'joanna_amphlett98@yahoo.com', '0619199008001', '1990-02-28'),
(23, 'Wally', 'Karly', 'Hutchens', 'Newart', 'F', NULL, 'wally_hutchens3@gmail.com', '0325196463059', '1964-02-01'),
(24, 'Hestia', 'Vikki', 'Rubke', 'Moller', 'F', NULL, 'hestia.rubke84@unah.hn', '1113198580695', '1985-05-03'),
(25, 'Haskell', 'Morris', 'Crolla', 'Audus', 'M', NULL, 'haskell_crolla54@gmail.com', '0617195601456', '1956-09-04'),
(26, 'Melisent', 'Easter', 'Wanjek', 'Chiechio', 'F', NULL, 'melisent_wanjek@unah.hn', '0525195091532', '1950-08-13'),
(27, 'Quillan', 'Laughton', 'Ruprecht', 'Ashtonhurst', 'M', '53182 Gale Road', 'quillan.ruprecht@yahoo.com', '1806199057941', '1990-01-18'),
(28, 'Michel', NULL, 'Livezey', NULL, 'F', NULL, 'michel.livezey49@gmail.com', '0403193894736', '1938-02-28'),
(29, 'Otto', 'Judah', 'Sofe', 'Blades', 'M', NULL, 'otto.sofe3@unah.hn', '0503194088270', '1940-05-24'),
(30, 'Waylen', NULL, 'Naulty', NULL, 'M', NULL, 'waylen_naulty6@live.com', '0608199426216', '1994-10-03'),
(31, 'Ulrike', 'Neille', 'Bresnahan', 'Upfold', 'F', NULL, 'ulrike.bresnahan8@unah.hn', '1615197794544', '1977-06-19'),
(32, 'Celestine', 'Gilli', 'Yacobsohn', 'Dryden', 'F', '489 Meadow Ridge Court', 'celestine.yacobsohn9@gmail.com', '0808194476425', '1944-11-27'),
(33, 'Rhiamon', 'Keriann', 'Grevel', 'Long', 'F', '1 Quincy Center', 'rhiamon.grevel02@unah.hn', '1724193496817', '1934-02-07'),
(34, 'Amalle', 'Flor', 'Halsall', 'Kedslie', 'F', NULL, 'amalle.halsall7@yahoo.com', '0425196975892', '1969-02-04'),
(35, 'Abdel', 'Parsifal', 'Addey', 'Gannon', 'M', NULL, 'abdel_addey90@unah.hn', '0918199173767', '1991-11-05'),
(36, 'Darryl', 'Crichton', 'Dupre', 'Serrurier', 'M', NULL, 'darryl.dupre55@live.com', '1826196456042', '1964-08-07'),
(37, 'Lothario', 'Randy', 'Andrez', 'Gantz', 'M', '3909 Northwestern Terrace', 'lothario.andrez39@unah.hn', '1412199171675', '1991-12-04'),
(38, 'Orin', 'Eugene', 'Renney', 'Hardes', 'M', '936 Briar Crest Park', 'orin_renney80@unah.hn', '0112196592928', '1965-03-24'),
(39, 'Dyna', 'Lil', 'Inger', 'Folliss', 'F', '58150 Crest Line Road', 'dyna_inger0@unah.hn', '1624195195568', '1951-08-02'),
(40, 'Cynthia', NULL, 'MacCarter', NULL, 'F', '68 Pierstorff Hill', 'cynthia.maccarter97@unah.hn', '0716193221297', '1932-06-25'),
(41, 'Barnie', NULL, 'Baxill', NULL, 'M', '76 Memorial Lane', 'barnie_baxill8@gmail.com', '1115194882332', '1948-10-09'),
(42, 'Sergei', 'Wells', 'Ramalhete', 'Waggett', 'M', NULL, 'sergei.ramalhete94@live.com', '1827195912001', '1959-10-03'),
(43, 'Cassey', NULL, 'Washington', NULL, 'F', '35937 American Ash Trail', 'cassey_washington2@live.com', '1227197988654', '1979-06-05'),
(44, 'Zared', 'Dalis', 'Lukins', 'Cuttell', 'M', NULL, 'zared_lukins@unah.hn', '0317198229122', '1982-01-11'),
(45, 'Cassandra', 'Donnie', 'Liptrot', 'Hambric', 'F', NULL, 'cassandra_liptrot2@unah.hn', '1205197023863', '1970-04-11'),
(46, 'Lian', 'Lurette', 'Arons', 'Serris', 'F', '89068 Porter Street', 'lian_arons9@live.com', '0527197563754', '1975-03-28'),
(47, 'Brena', NULL, 'Kirkbride', NULL, 'F', NULL, 'brena.kirkbride@unah.hn', '0223193237935', '1932-01-12'),
(48, 'Pavia', 'Darlleen', 'Scotchforth', 'Sheaf', 'F', '006 Crest Line Way', 'pavia_scotchforth45@yahoo.com', '1112198794085', '1987-09-24'),
(49, 'Galen', 'Codi', 'Agron', 'Quinlan', 'M', '9 Nelson Park', 'galen.agron6@unah.hn', '0312194481264', '1944-03-27'),
(50, 'Chickie', 'Berton', 'Jimson', 'Bezant', 'M', NULL, 'chickie_jimson@unah.hn', '0406194431753', '1944-06-13'),
(51, 'Jory', 'Terencio', 'Santora', 'Bearcroft', 'M', '89 Thierer Plaza', 'jory.santora43@live.com', '0418197674431', '1976-04-11'),
(52, 'Matthew', 'Mordecai', 'MacLoughlin', 'Mouth', 'M', NULL, 'matthew_macloughlin@live.com', '1516194798176', '1947-10-04'),
(53, 'Filberto', 'Fitz', 'Johansen', 'Burdikin', 'M', NULL, 'filberto.johansen@yahoo.com', '0905199032657', '1990-02-09'),
(54, 'Jennifer', 'Jewel', 'Ainge', 'Coule', 'F', NULL, 'jennifer_ainge45@yahoo.com', '0925197762162', '1977-02-20'),
(55, 'Sawyer', 'Noah', 'Vela', 'Salaman', 'M', '927 Forest Run Alley', 'sawyer_vela@unah.hn', '0310194466163', '1944-11-19'),
(56, 'Kimbell', NULL, 'Miskin', NULL, 'M', '74 Basil Place', 'kimbell.miskin93@unah.hn', '1112195442005', '1954-08-24'),
(57, 'Rita', NULL, 'Abramchik', NULL, 'F', '4706 Melrose Road', 'rita_abramchik@unah.hn', '0614193401052', '1934-10-07'),
(58, 'Latia', NULL, 'Niccolls', NULL, 'F', NULL, 'latia.niccolls83@unah.hn', '1702198916711', '1989-12-21'),
(59, 'Clerissa', 'Marris', 'Lobell', 'Gatchell', 'F', NULL, 'clerissa.lobell@gmail.com', '1610193593070', '1935-07-15'),
(60, 'Bunni', 'Roselia', 'Catlin', 'Quayle', 'F', NULL, 'bunni_catlin@unah.hn', '0314194929580', '1949-10-29'),
(61, 'Sherwin', NULL, 'Bartell', NULL, 'M', NULL, 'sherwin_bartell00@unah.hn', '1406199562950', '1995-01-12'),
(62, 'Aleta', NULL, 'Poynzer', NULL, 'F', NULL, 'aleta.poynzer@unah.hn', '0607194093830', '1940-08-09'),
(63, 'Laughton', 'Isac', 'Rodden', 'Kitteringham', 'M', NULL, 'laughton_rodden@unah.hn', '1608194548297', '1945-02-20'),
(64, 'Evey', NULL, 'Champkins', NULL, 'F', NULL, 'evey.champkins@unah.hn', '0511196695712', '1966-01-01'),
(65, 'Enrika', NULL, 'Kyngdon', NULL, 'F', '8461 Nelson Center', 'enrika.kyngdon54@live.com', '0317199695192', '1996-11-13'),
(66, 'Vallie', NULL, 'Cristobal', NULL, 'F', NULL, 'vallie.cristobal@unah.hn', '0925193405491', '1934-07-13'),
(67, 'Alfonse', 'Lauritz', 'Lamartine', 'Castagno', 'M', NULL, 'alfonse.lamartine22@unah.hn', '1613199115006', '1991-08-26'),
(68, 'Derry', 'Dalli', 'Arp', 'Prothero', 'M', NULL, 'derry_arp6@live.com', '0404199056089', '1990-01-19'),
(69, 'Red', 'Killian', 'Clerke', 'Gotling', 'M', '05152 Farmco Road', 'red.clerke49@unah.hn', '0928195078129', '1950-06-26'),
(70, 'Filberto', 'Meredith', 'Gideon', 'Condy', 'M', NULL, 'filberto.gideon11@unah.hn', '1215195803451', '1958-04-19'),
(71, 'Bell', 'Cathie', 'Itskovitz', 'Scandwright', 'F', NULL, 'bell_itskovitz@live.com', '0221193672948', '1936-12-07'),
(72, 'Rabbi', 'Bart', 'Ing', 'Sainsbury-Brown', 'M', NULL, 'rabbi.ing2@unah.hn', '1412195041907', '1950-06-21'),
(73, 'Jamie', NULL, 'Doone', NULL, 'F', '2 Hovde Trail', 'jamie.doone07@live.com', '0315199470715', '1994-04-23'),
(74, 'Jerrie', 'Papagena', 'Jendrusch', 'Hamberstone', 'F', NULL, 'jerrie_jendrusch98@gmail.com', '0303197187618', '1971-04-16'),
(75, 'Giovanna', 'Patty', 'Kleinmintz', 'Swinney', 'F', NULL, 'giovanna_kleinmintz42@unah.hn', '0227195403673', '1954-12-25'),
(76, 'Phyllys', 'Candy', 'Gladwish', 'Gislebert', 'F', NULL, 'phyllys_gladwish0@live.com', '1005195114561', '1951-09-21'),
(77, 'Hersch', NULL, 'Whittlesee', NULL, 'M', '6 Lakewood Circle', 'hersch.whittlesee17@unah.hn', '1225195876823', '1958-06-28'),
(78, 'Orella', 'Tamarra', 'Shillinglaw', 'Wotherspoon', 'F', '37824 Donald Plaza', 'orella.shillinglaw74@unah.hn', '0127193322391', '1933-05-16'),
(79, 'Rosabelle', 'Elsey', 'Bosket', 'Beekman', 'F', NULL, 'rosabelle_bosket90@unah.hn', '1309193166277', '1931-07-25'),
(80, 'Anabella', 'Stevena', 'Spileman', 'Lapsley', 'F', NULL, 'anabella.spileman@gmail.com', '1302195437725', '1954-09-11'),
(81, 'Krysta', NULL, 'Meys', NULL, 'F', NULL, 'krysta.meys@live.com', '0403195145337', '1951-12-20'),
(82, 'Fulton', 'Myrvyn', 'Smellie', 'Brussels', 'M', NULL, 'fulton.smellie@unah.hn', '0601196139188', '1961-08-03'),
(83, 'Kinna', 'Vanessa', 'Souten', 'Ashton', 'F', NULL, 'kinna.souten3@yahoo.com', '0627199126435', '1991-02-15'),
(84, 'Goran', NULL, 'Gaine', NULL, 'M', '1251 Blue Bill Park Point', 'goran.gaine5@unah.hn', '1817199283091', '1992-09-04'),
(85, 'Ches', 'Daron', 'Wones', 'Baguley', 'M', '0 Independence Court', 'ches_wones@unah.hn', '1825195399954', '1953-07-21'),
(86, 'Nevsa', 'Emilia', 'Shane', 'Sparrowe', 'F', '777 Green Point', 'nevsa.shane24@unah.hn', '0926199825895', '1998-07-09'),
(87, 'Wanids', 'Antonie', 'Conor', 'Edmund', 'F', NULL, 'wanids.conor96@unah.hn', '0226199666370', '1996-03-08'),
(88, 'Khalil', 'Nicolis', 'Episcopio', 'Brimmacombe', 'M', '37741 Porter Circle', 'khalil.episcopio65@live.com', '1115199803810', '1998-07-23'),
(89, 'Mick', 'Hubey', 'Crocroft', 'Sodory', 'M', NULL, 'mick.crocroft6@unah.hn', '0205198721898', '1987-03-04'),
(90, 'Vlad', NULL, 'Glyne', NULL, 'M', NULL, 'vlad_glyne@yahoo.com', '0521196985173', '1969-06-01'),
(91, 'Sandy', 'Viva', 'Murrell', 'Hoodless', 'F', NULL, 'sandy.murrell16@gmail.com', '1023195842718', '1958-11-02'),
(92, 'Baxter', 'Dino', 'Penwright', 'Pail', 'M', '6 Carpenter Hill', 'baxter.penwright18@unah.hn', '1418195306807', '1953-11-08'),
(93, 'Kaleb', 'Culley', 'Jatczak', 'Eadmeades', 'M', NULL, 'kaleb.jatczak1@live.com', '1122194002403', '1940-11-19'),
(94, 'Tamera', 'Cordy', 'Linebarger', 'Cocker', 'F', NULL, 'tamera.linebarger@unah.hn', '1203195784260', '1957-10-26'),
(95, 'Alleen', NULL, 'Farndell', NULL, 'F', '03 Westridge Terrace', 'alleen.farndell8@unah.hn', '1313197329183', '1973-11-20'),
(96, 'Bradley', 'Rube', 'Cristofor', 'Epinoy', 'M', NULL, 'bradley_cristofor@gmail.com', '1710199836266', '1998-02-12'),
(97, 'Lin', 'Grace', 'Calderhead', 'Weedon', 'M', '29652 Fordem Way', 'lin.calderhead0@yahoo.com', '0821199935211', '1999-02-25'),
(98, 'Dickie', 'Stephan', 'Verrillo', 'Hilary', 'M', NULL, 'dickie.verrillo@gmail.com', '1315198112196', '1981-05-17'),
(99, 'Hayes', 'Gunner', 'Rainbird', 'Everley', 'M', NULL, 'hayes.rainbird65@unah.hn', '1528195048988', '1950-12-23'),
(100, 'Gennie', NULL, 'Phinnis', NULL, 'F', '37 Manley Point', 'gennie.phinnis0@live.com', '1527198925888', '1989-05-29'),
(101, 'Chryste', 'Mari', 'Redihough', 'Mansford', 'F', NULL, 'chryste.redihough37@live.com', '1103193814815', '1938-08-04'),
(102, 'Lemuel', 'Milt', 'Falco', 'Wesson', 'M', NULL, 'lemuel.falco12@live.com', '0922198811891', '1988-05-29'),
(103, 'Laurella', 'Ammamaria', 'Dobbinson', 'Hartle', 'F', '95 Lakewood Gardens Trail', 'laurella_dobbinson97@yahoo.com', '1026198244089', '1982-08-30'),
(104, 'Noach', 'Alessandro', 'Tuiller', 'Coppock.', 'M', NULL, 'noach.tuiller7@live.com', '0727197456470', '1974-10-05'),
(105, 'Blaine', 'Guillermo', 'Sollars', 'Titterington', 'M', '5 Eagan Park', 'blaine_sollars8@unah.hn', '1718194131517', '1941-10-25'),
(106, 'Dorie', 'Perceval', 'McLinden', 'MacGhee', 'M', '7184 Lotheville Way', 'dorie.mclinden35@unah.hn', '1204196141770', '1961-07-05'),
(107, 'Cross', NULL, 'Cassley', NULL, 'M', '0750 Moose Park', 'cross.cassley@gmail.com', '1010197767782', '1977-04-11'),
(108, 'Yorke', NULL, 'Todarini', NULL, 'M', '776 Oakridge Road', 'yorke_todarini@live.com', '0514198825336', '1988-05-11'),
(109, 'Glenden', 'Cece', 'Woodruff', 'Mallon', 'M', NULL, 'glenden.woodruff3@gmail.com', '1224194223912', '1942-12-14'),
(110, 'Darell', 'Lilith', 'Reynault', 'Pickersgill', 'F', '620 Hermina Court', 'darell.reynault9@live.com', '1323197060543', '1970-05-29'),
(111, 'Persis', 'Adrea', 'Crowder', 'Ronaghan', 'F', NULL, 'persis.crowder81@unah.hn', '0624193469466', '1934-10-29'),
(112, 'North', 'Kristoforo', 'Normansell', 'Baselli', 'M', '1617 Bunting Court', 'north_normansell97@unah.hn', '1807198724264', '1987-06-21'),
(113, 'Charlton', 'Murdoch', 'Harhoff', 'Everill', 'M', NULL, 'charlton_harhoff38@unah.hn', '1227196244011', '1962-04-22'),
(114, 'Carey', 'Hatty', 'Chaloner', 'Tutchings', 'F', NULL, 'carey.chaloner@gmail.com', '1321193197125', '1931-06-15'),
(115, 'Ebenezer', NULL, 'Broadbridge', NULL, 'M', NULL, 'ebenezer.broadbridge77@unah.hn', '0323194658013', '1946-08-17'),
(116, 'Hamnet', 'Horten', 'Guilder', 'Durrell', 'M', NULL, 'hamnet.guilder@unah.hn', '0826195393858', '1953-10-10'),
(117, 'Guglielma', NULL, 'Piatkow', NULL, 'F', '11 Gale Alley', 'guglielma.piatkow@unah.hn', '1327197867094', '1978-05-17'),
(118, 'Weber', 'Demetris', 'Ollier', 'Korejs', 'M', '40970 Bobwhite Point', 'weber_ollier4@gmail.com', '0819197491795', '1974-06-10'),
(119, 'Margarette', NULL, 'Crosser', NULL, 'F', '7 Elmside Terrace', 'margarette.crosser@unah.hn', '0215198660737', '1986-03-22'),
(120, 'Katusha', NULL, 'Rishbrook', NULL, 'F', NULL, 'katusha.rishbrook66@unah.hn', '0607194514476', '1945-05-25'),
(121, 'Rhodia', 'Jan', 'Fairholm', 'Trolley', 'F', '65484 East Hill', 'rhodia.fairholm15@yahoo.com', '1225196006810', '1960-02-19'),
(122, 'Ennis', 'Moe', 'Urry', 'Stilling', 'M', NULL, 'ennis.urry47@yahoo.com', '1321198502548', '1985-08-19'),
(123, 'Wye', 'Zacharia', 'Youngman', 'Grice', 'M', NULL, 'wye.youngman@unah.hn', '0802193929628', '1939-12-01'),
(124, 'Mayor', 'Arnoldo', 'Chaize', 'Bing', 'M', NULL, 'mayor.chaize31@gmail.com', '0521199498157', '1994-11-21'),
(125, 'Banky', 'Rudie', 'Spaice', 'Heatherington', 'M', NULL, 'banky_spaice75@unah.hn', '0216198273150', '1982-08-30'),
(126, 'Dita', 'Tabatha', 'Norheny', 'Kettoe', 'F', '2007 Waywood Road', 'dita_norheny@live.com', '1724198449074', '1984-09-23'),
(127, 'Phyllida', 'Maurita', 'Minchi', 'McKinney', 'F', '00849 Dwight Hill', 'phyllida.minchi@live.com', '1010195750637', '1957-02-26'),
(128, 'Drud', 'Nealy', 'Bourgeois', 'Simison', 'M', '1912 Mendota Trail', 'drud_bourgeois5@unah.hn', '0203193376407', '1933-05-22'),
(129, 'Hammad', NULL, 'Greenstead', NULL, 'M', '5 Loomis Junction', 'hammad_greenstead49@unah.hn', '0823195867459', '1958-05-10'),
(130, 'Emylee', 'Victoria', 'Cowndley', 'Thridgould', 'F', '9270 Arkansas Circle', 'emylee.cowndley@unah.hn', '0723196671355', '1966-12-05'),
(131, 'Nata', 'Gael', 'Rosbottom', 'Semper', 'F', '24 Harper Plaza', 'nata.rosbottom59@unah.hn', '0804194116671', '1941-12-01'),
(132, 'Gwenore', 'Lilla', 'Bastiman', 'Chipp', 'F', NULL, 'gwenore.bastiman30@live.com', '0216194525222', '1945-03-05'),
(133, 'Cortie', 'Alberik', 'Pennock', 'Crellin', 'M', NULL, 'cortie_pennock57@yahoo.com', '0626194721186', '1947-04-28'),
(134, 'Stanton', 'Bradan', 'McPeake', 'Sames', 'M', '79452 Forest Crossing', 'stanton.mcpeake64@unah.hn', '1521193525857', '1935-04-08'),
(135, 'Pepita', 'Eva', 'Gaitskill', 'Radborn', 'F', NULL, 'pepita_gaitskill44@live.com', '0514195678962', '1956-06-16'),
(136, 'Maddie', NULL, 'Selbie', NULL, 'F', NULL, 'maddie.selbie63@unah.hn', '1602197041395', '1970-06-26'),
(137, 'Page', 'Melvyn', 'Hudd', 'McClean', 'M', '65 Red Cloud Park', 'page_hudd9@live.com', '0623195898444', '1958-12-06'),
(138, 'Courtnay', 'Louie', 'Jerzak', 'Duffie', 'M', NULL, 'courtnay_jerzak7@unah.hn', '0308197311707', '1973-07-31'),
(139, 'Heywood', 'Benjy', 'Garrad', 'Hallwell', 'M', NULL, 'heywood_garrad58@unah.hn', '0419195384243', '1953-12-28'),
(140, 'Daryl', 'Norman', 'Hoogendorp', 'Vodden', 'M', NULL, 'daryl_hoogendorp@unah.hn', '0626197742747', '1977-06-25'),
(141, 'Lydie', 'Kyrstin', 'Antwis', 'Bartelli', 'F', NULL, 'lydie_antwis5@unah.hn', '0628196294529', '1962-05-29'),
(142, 'Sherman', NULL, 'Maving', NULL, 'M', NULL, 'sherman_maving65@unah.hn', '0906194517853', '1945-01-16'),
(143, 'Dreddy', 'Ezmeralda', 'Randal', 'Batman', 'F', '3307 Merrick Way', 'dreddy_randal13@gmail.com', '1512198857900', '1988-10-21'),
(144, 'Ted', 'Eugenio', 'Harbar', 'Caslin', 'M', NULL, 'ted_harbar4@live.com', '0906199589283', '1995-12-05'),
(145, 'Johann', NULL, 'Denley', NULL, 'M', NULL, 'johann.denley@gmail.com', '0204199720278', '1997-02-19'),
(146, 'Abbot', NULL, 'Boxen', NULL, 'M', NULL, 'abbot_boxen@unah.hn', '1227194046195', '1940-11-04'),
(147, 'Junette', NULL, 'Hurnell', NULL, 'F', '745 Coolidge Junction', 'junette_hurnell@gmail.com', '0617195281797', '1952-03-05'),
(148, 'Harlan', NULL, 'Rickeard', NULL, 'M', NULL, 'harlan_rickeard70@gmail.com', '1421197168629', '1971-06-18'),
(149, 'Julian', 'Hadley', 'Beaten', 'Desseine', 'M', '9279 Kensington Hill', 'julian.beaten@unah.hn', '1821198626250', '1986-12-07'),
(150, 'Hodge', 'Reginauld', 'Rapkins', 'Gregson', 'M', '92 Shasta Street', 'hodge.rapkins8@yahoo.com', '0602193139048', '1931-01-10'),
(151, 'Olenka', 'Alessandra', 'Little', 'Burling', 'F', NULL, 'olenka.little@gmail.com', '0802197405152', '1974-03-02'),
(152, 'Philomena', 'Meg', 'Ranken', 'Babcock', 'F', '82 Hoffman Park', 'philomena_ranken66@unah.hn', '1806193603554', '1936-06-22'),
(153, 'Merrill', 'Paxon', 'Billham', 'Woodnutt', 'M', '874 Erie Parkway', 'merrill.billham6@live.com', '1315198663022', '1986-10-13'),
(154, 'Adrien', 'Uriah', 'Karlik', 'Heare', 'M', '69 Swallow Circle', 'adrien.karlik@unah.hn', '1214193571571', '1935-12-03'),
(155, 'Laney', 'Trace', 'McEntee', 'Barefoot', 'M', '3138 Merry Place', 'laney_mcentee39@gmail.com', '1506197165561', '1971-11-18'),
(156, 'Elliot', NULL, 'Brumfield', NULL, 'M', NULL, 'elliot_brumfield35@unah.hn', '0715199160753', '1991-06-09'),
(157, 'Benedikta', 'Bernete', 'Dougill', 'Stagg', 'F', NULL, 'benedikta.dougill75@yahoo.com', '1013197364073', '1973-02-28'),
(158, 'Thane', 'Rip', 'Segoe', 'Rooms', 'M', '25 Goodland Pass', 'thane.segoe@unah.hn', '0526199608265', '1996-08-19'),
(159, 'Xaviera', 'Elsinore', 'Grewer', 'Eldered', 'F', NULL, 'xaviera_grewer0@gmail.com', '0217196888650', '1968-07-23'),
(160, 'Terrye', NULL, 'Caraher', NULL, 'F', '80339 Lake View Trail', 'terrye.caraher9@yahoo.com', '0412197572351', '1975-02-27'),
(161, 'Towny', NULL, 'D-Emanuele', NULL, 'M', NULL, 'towny_d-emanuele@live.com', '1824198227452', '1982-01-15'),
(162, 'Carmine', 'Briney', 'Cawker', 'Kerswell', 'F', '405 Erie Avenue', 'carmine_cawker@unah.hn', '0201193390307', '1933-01-11'),
(163, 'Camella', 'Allyn', 'Hubery', 'Moorman', 'F', NULL, 'camella.hubery7@unah.hn', '0321197082162', '1970-03-21'),
(164, 'Virginie', NULL, 'Crimmins', NULL, 'F', NULL, 'virginie.crimmins1@unah.hn', '1201195649583', '1956-07-23'),
(165, 'Gus', 'Welby', 'Yonnie', 'Stode', 'M', NULL, 'gus_yonnie1@unah.hn', '0126195340931', '1953-10-20'),
(166, 'Dougie', NULL, 'Jakubovits', NULL, 'M', NULL, 'dougie.jakubovits@yahoo.com', '0904197000781', '1970-12-24'),
(167, 'Bernelle', 'Mead', 'Veracruysse', 'Colles', 'F', '28 Hovde Alley', 'bernelle_veracruysse22@unah.hn', '0122197743957', '1977-12-25'),
(168, 'Livvy', NULL, 'Tomaszynski', NULL, 'F', '1 Parkside Place', 'livvy_tomaszynski91@unah.hn', '1026197996335', '1979-11-11'),
(169, 'Kordula', 'Valina', 'Ziemke', 'Seeds', 'F', '01229 Kensington Point', 'kordula_ziemke@live.com', '0211198961603', '1989-10-31'),
(170, 'Kenneth', 'Filberte', 'Meys', 'Abrahim', 'M', '372 Stoughton Lane', 'kenneth.meys40@unah.hn', '0413199253736', '1992-03-28'),
(171, 'Cortney', 'Arlena', 'Ebbett', 'Stormont', 'F', '767 7th Street', 'cortney_ebbett@unah.hn', '1127193619861', '1936-01-22'),
(172, 'Darelle', 'Ronda', 'Cristofari', 'Govey', 'F', '1350 Mayer Junction', 'darelle.cristofari@unah.hn', '0710196611739', '1966-03-08'),
(173, 'Timmy', NULL, 'Berthon', NULL, 'M', NULL, 'timmy.berthon56@live.com', '1226195114477', '1951-09-17'),
(174, 'Jarrid', NULL, 'Berks', NULL, 'M', '90 Elka Pass', 'jarrid.berks78@live.com', '1627193181520', '1931-12-29'),
(175, 'Mil', 'Chickie', 'Sebastian', 'Widd', 'F', '859 4th Center', 'mil.sebastian@unah.hn', '0913196414276', '1964-11-09'),
(176, 'Cristiano', 'Gianni', 'Cripps', 'Moorfield', 'M', NULL, 'cristiano.cripps4@yahoo.com', '0926198638658', '1986-07-18'),
(177, 'Rafa', NULL, 'Titmuss', NULL, 'F', NULL, 'rafa.titmuss6@unah.hn', '1425193806758', '1938-01-01'),
(178, 'Gaston', 'Gavin', 'Kinnen', 'Faers', 'M', '530 Mcguire Trail', 'gaston.kinnen@live.com', '0412199365446', '1993-10-04'),
(179, 'Reginald', 'Dennis', 'McConaghy', 'Crow', 'M', '90847 Oxford Circle', 'reginald.mcconaghy78@unah.hn', '1621195520300', '1955-06-16'),
(180, 'Gannie', 'Hieronymus', 'Truluck', 'McCormack', 'M', '65744 Summerview Pass', 'gannie.truluck@unah.hn', '0714198817119', '1988-07-27'),
(181, 'Starlin', 'Patience', 'Hambleton', 'Kimbrey', 'F', NULL, 'starlin.hambleton@unah.hn', '1515197550859', '1975-01-08'),
(182, 'Norma', 'Enrichetta', 'Worrall', 'Lehrian', 'F', '32089 Northport Junction', 'norma.worrall04@live.com', '0109199417788', '1994-02-22'),
(183, 'Vassily', 'Reinold', 'Dawtre', 'Clows', 'M', '4914 Haas Pass', 'vassily_dawtre@unah.hn', '1701193445825', '1934-09-30'),
(184, 'Angelia', NULL, 'Mignot', NULL, 'F', NULL, 'angelia.mignot@live.com', '1209193558440', '1935-05-12'),
(185, 'Juanita', 'Misty', 'Merrien', 'Hearsey', 'F', NULL, 'juanita_merrien54@unah.hn', '1119197466393', '1974-11-19'),
(186, 'Bradney', 'Julius', 'Cosgrove', 'Ing', 'M', NULL, 'bradney.cosgrove@live.com', '0110198541645', '1985-09-03'),
(187, 'Bendite', NULL, 'McLardie', NULL, 'F', '11 Anhalt Junction', 'bendite.mclardie6@live.com', '1822199448424', '1994-11-30'),
(188, 'Kellen', 'Herman', 'Burhill', 'Blaase', 'M', NULL, 'kellen.burhill8@unah.hn', '0401200010657', '2000-01-10'),
(189, 'Artair', NULL, 'Littler', NULL, 'M', '8385 Anzinger Pass', 'artair_littler9@unah.hn', '0205199808960', '1998-10-11'),
(190, 'Randa', NULL, 'Madgett', NULL, 'F', NULL, 'randa_madgett02@yahoo.com', '0718194590858', '1945-11-25'),
(191, 'Quinn', 'Vere', 'Week', 'Scripture', 'F', '5 Derek Road', 'quinn.week38@unah.hn', '0823194815203', '1948-11-16'),
(192, 'Herc', 'Giustino', 'Dericot', 'Cowtherd', 'M', NULL, 'herc.dericot@unah.hn', '1625198720124', '1987-05-16'),
(193, 'Dorie', 'My', 'Lademann', 'Isson', 'M', NULL, 'dorie.lademann@live.com', '0113193455246', '1934-09-30'),
(194, 'Yoko', 'Jsandye', 'Baldoni', 'Twiddle', 'F', '28 Novick Place', 'yoko.baldoni9@unah.hn', '1721194585425', '1945-05-21'),
(195, 'Terrell', 'Jeramie', 'Ablett', 'Yerill', 'M', '183 Tomscot Terrace', 'terrell_ablett1@gmail.com', '0913198654115', '1986-02-24'),
(196, 'Suellen', NULL, 'Singleton', NULL, 'F', '72023 Dottie Plaza', 'suellen.singleton78@unah.hn', '0611195360081', '1953-06-06'),
(197, 'Broddy', 'Neall', 'Danieli', 'Featenby', 'M', NULL, 'broddy.danieli1@live.com', '1714198957679', '1989-08-24'),
(198, 'Devlen', 'Hewet', 'Oats', 'Dulanty', 'M', NULL, 'devlen_oats@unah.hn', '1617194007263', '1940-06-29'),
(199, 'Diego', 'Tynan', 'Oxshott', 'Raithby', 'M', NULL, 'diego_oxshott85@unah.hn', '0107199359443', '1993-03-14'),
(200, 'Mitch', 'Raffaello', 'Andre', 'Reek', 'M', NULL, 'mitch_andre52@unah.hn', '0717199564345', '1995-04-17'),
(201, 'Caryl', NULL, 'Heaslip', NULL, 'M', NULL, 'caryl_heaslip14@unah.hn', '1205195916250', '1959-10-02'),
(202, 'Sephira', 'Tanya', 'Steynor', 'Sporle', 'F', NULL, 'sephira_steynor@live.com', '0806194194284', '1941-12-09'),
(203, 'Stafford', 'Dale', 'Blackney', 'Houseley', 'M', NULL, 'stafford.blackney6@unah.hn', '0424196609491', '1966-04-28'),
(204, 'Witty', 'Tulley', 'Addie', 'Coltart', 'M', NULL, 'witty.addie4@unah.hn', '0423193084422', '1930-12-12'),
(205, 'Rey', 'Hercule', 'Menier', 'Plumptre', 'M', NULL, 'rey_menier@gmail.com', '0915198360264', '1983-10-17'),
(206, 'Stefanie', NULL, 'Zylberdik', NULL, 'F', '29 South Way', 'stefanie_zylberdik37@unah.hn', '0909197226671', '1972-10-18'),
(207, 'Sharia', NULL, 'Fairest', NULL, 'F', NULL, 'sharia.fairest5@unah.hn', '1111195367785', '1953-04-25'),
(208, 'Tessa', 'Barbra', 'Schirok', 'Jiggle', 'F', NULL, 'tessa.schirok@unah.hn', '0508197515785', '1975-01-05'),
(209, 'Maryl', 'Lory', 'Billingham', 'Reilly', 'F', NULL, 'maryl_billingham@unah.hn', '1802196589709', '1965-06-09'),
(210, 'Traci', 'Lynelle', 'Phlippi', 'Orton', 'F', '5 Myrtle Place', 'traci.phlippi21@unah.hn', '1723199729397', '1997-07-08'),
(211, 'Penny', NULL, 'Spiniello', NULL, 'F', '87549 Grayhawk Court', 'penny_spiniello47@gmail.com', '0603195657423', '1956-09-06'),
(212, 'Antons', 'Cullin', 'George', 'Izkovitz', 'M', NULL, 'antons.george@unah.hn', '1118193796404', '1937-10-02'),
(213, 'Marlo', 'Daile', 'Marder', 'McPhelimey', 'F', NULL, 'marlo.marder@unah.hn', '1709193170159', '1931-07-06'),
(214, 'Larisa', 'Letta', 'Kennagh', 'Rubertis', 'F', NULL, 'larisa.kennagh07@unah.hn', '0416198992540', '1989-02-02'),
(215, 'Candice', 'Liliane', 'Dobbinson', 'Rodge', 'F', NULL, 'candice_dobbinson4@live.com', '1617194690078', '1946-05-01'),
(216, 'Germain', 'Elsinore', 'McLorinan', 'Riccioppo', 'F', NULL, 'germain_mclorinan18@unah.hn', '1319197785888', '1977-03-23'),
(217, 'Gwendolen', 'Adelaide', 'Spence', 'Gonnet', 'F', NULL, 'gwendolen.spence92@unah.hn', '1005193337310', '1933-07-04'),
(218, 'Giana', 'Jeralee', 'Dilliston', 'Langlais', 'F', NULL, 'giana_dilliston@unah.hn', '0910199775656', '1997-12-06'),
(219, 'Buck', 'Yancy', 'Bossons', 'Coners', 'M', '05308 Boyd Point', 'buck_bossons@live.com', '0203196366101', '1963-05-22'),
(220, 'Emmy', 'Tan', 'Crowcum', 'Woofinden', 'M', '643 Di Loreto Court', 'emmy_crowcum1@unah.hn', '0618194272978', '1942-10-10'),
(221, 'Flss', 'Ariana', 'Bellanger', 'Le Estut', 'F', '62814 Schurz Alley', 'flss_bellanger@live.com', '1722196191740', '1961-09-06'),
(222, 'Valentin', 'Barnard', 'Dummer', 'Glaum', 'M', NULL, 'valentin.dummer@unah.hn', '1826194344264', '1943-01-13'),
(223, 'Reynard', 'Napoleon', 'Haughton', 'Hartzog', 'M', '087 Quincy Crossing', 'reynard_haughton80@unah.hn', '1124199046722', '1990-10-08'),
(224, 'Edmund', NULL, 'Worpole', NULL, 'M', '47801 Karstens Crossing', 'edmund_worpole33@yahoo.com', '1421197409860', '1974-03-08'),
(225, 'Jeanette', 'Zsazsa', 'Spelman', 'Kesby', 'F', '6617 Spaight Plaza', 'jeanette.spelman9@live.com', '0621193732912', '1937-12-17'),
(226, 'Travers', 'Pietro', 'Guppy', 'Maytum', 'M', '77905 Kipling Hill', 'travers.guppy1@unah.hn', '0923199426076', '1994-06-18'),
(227, 'Basilio', NULL, 'Tolwood', NULL, 'M', '0733 Spohn Drive', 'basilio_tolwood@unah.hn', '0923195963238', '1959-09-05'),
(228, 'Cristabel', 'Ninnette', 'Ishak', 'Fero', 'F', '9744 Evergreen Place', 'cristabel_ishak6@gmail.com', '1624195659848', '1956-09-10'),
(229, 'Thadeus', NULL, 'Bartke', NULL, 'M', '21399 Arapahoe Park', 'thadeus_bartke@live.com', '0915196850223', '1968-09-11'),
(230, 'Cory', 'Hannis', 'McCalister', 'Labrow', 'F', NULL, 'cory.mccalister@unah.hn', '1501193963107', '1939-07-04'),
(231, 'Stanislaw', 'Eddy', 'Tomankiewicz', 'Celier', 'M', '1 Anzinger Center', 'stanislaw_tomankiewicz3@unah.hn', '0513197470842', '1974-02-22'),
(232, 'Rollie', 'Waverly', 'Drains', 'Kedge', 'M', '0339 1st Place', 'rollie_drains@live.com', '1621193023461', '1930-09-08'),
(233, 'Kellen', 'Angelo', 'Skerrett', 'Wisby', 'M', '831 La Follette Plaza', 'kellen.skerrett@unah.hn', '1010196404969', '1964-03-13'),
(234, 'Pablo', 'Evered', 'Minney', 'Lorincz', 'M', NULL, 'pablo_minney6@yahoo.com', '0512196091005', '1960-10-27'),
(235, 'Tillie', 'Brittan', 'Dray', 'Charke', 'F', '81 Bunting Avenue', 'tillie.dray75@unah.hn', '0402196986537', '1969-07-25'),
(236, 'Bunnie', 'Cassandry', 'Haydock', 'Tarbath', 'F', '5 Corben Park', 'bunnie_haydock9@gmail.com', '0502193959449', '1939-04-11'),
(237, 'Johanna', 'Margaux', 'Peacham', 'Rickell', 'F', NULL, 'johanna.peacham33@unah.hn', '0505198250358', '1982-09-07'),
(238, 'Flori', 'Doralynn', 'Gomby', 'Kennerknecht', 'F', '52629 Pearson Alley', 'flori.gomby48@unah.hn', '1217193419368', '1934-06-02'),
(239, 'Amelie', NULL, 'Dana', NULL, 'F', '6128 Westend Way', 'amelie.dana@unah.hn', '0812197008339', '1970-08-26'),
(240, 'Lorilee', 'Marina', 'Sarjeant', 'Reihill', 'F', NULL, 'lorilee.sarjeant0@unah.hn', '0309198063705', '1980-09-02'),
(241, 'Guinna', 'Loretta', 'Lovitt', 'Barnett', 'F', '2 Manley Pass', 'guinna_lovitt26@unah.hn', '1414194583592', '1945-12-08'),
(242, 'Rorke', 'Horace', 'Main', 'Zmitrovich', 'M', NULL, 'rorke_main6@unah.hn', '1427193780316', '1937-04-23'),
(243, 'Stacee', 'Kelly', 'Andor', 'Stratz', 'M', '695 Arapahoe Crossing', 'stacee.andor5@yahoo.com', '0307198379543', '1983-11-13'),
(244, 'Nicol', 'Tawsha', 'Bridge', 'Veldman', 'F', NULL, 'nicol_bridge20@yahoo.com', '0527197219370', '1972-11-15'),
(245, 'Marisa', 'Koral', 'Alldre', 'Quinnelly', 'F', '73968 Hauk Hill', 'marisa_alldre2@unah.hn', '0206198633970', '1986-02-01'),
(246, 'Jermain', 'Stan', 'Scarlet', 'Wythe', 'M', NULL, 'jermain.scarlet@live.com', '0216193026842', '1930-08-31'),
(247, 'Matt', NULL, 'Losselyong', NULL, 'M', NULL, 'matt.losselyong09@live.com', '1607194075372', '1940-04-23'),
(248, 'Reiko', 'Patience', 'Knoller', 'Parnell', 'F', '2627 Kim Parkway', 'reiko.knoller@unah.hn', '1224198041805', '1980-06-10'),
(249, 'Reidar', 'Sullivan', 'Medlin', 'Conibere', 'M', '75720 Warrior Crossing', 'reidar.medlin0@unah.hn', '1807196969331', '1969-08-23'),
(250, 'Base', 'Abbot', 'Balderston', 'Peirson', 'M', NULL, 'base.balderston9@unah.hn', '1513198911676', '1989-05-31'),
(251, 'Karola', 'Katlin', 'Leward', 'Gabbett', 'F', NULL, 'karola.leward@live.com', '1819194708398', '1947-05-11'),
(252, 'Bret', NULL, 'Maybery', NULL, 'M', '3201 Westend Trail', 'bret_maybery@unah.hn', '0310193951817', '1939-01-08'),
(253, 'Minni', NULL, 'Shepstone', NULL, 'F', NULL, 'minni_shepstone@live.com', '1228193481502', '1934-02-06'),
(254, 'Kurtis', 'Nappy', 'Skedgell', 'Bracher', 'M', NULL, 'kurtis.skedgell6@gmail.com', '1016198261554', '1982-12-24'),
(255, 'Noe', 'Aldin', 'Entwistle', 'Lissandri', 'M', '9 Rowland Plaza', 'noe_entwistle@unah.hn', '0105193119351', '1931-11-12'),
(256, 'Tera', 'Barry', 'Chappelow', 'Antosik', 'F', NULL, 'tera.chappelow5@live.com', '0624198480274', '1984-01-06'),
(257, 'Leila', 'Kathie', 'Landal', 'Graffin', 'F', '2524 Pleasure Court', 'leila_landal32@unah.hn', '0202193399895', '1933-04-20'),
(258, 'Kylie', NULL, 'Gaze', NULL, 'M', '1368 Waywood Plaza', 'kylie_gaze33@live.com', '0104194182730', '1941-10-15'),
(259, 'Jarid', 'Gail', 'Paulisch', 'Duprey', 'M', NULL, 'jarid.paulisch1@unah.hn', '0711193843132', '1938-05-02'),
(260, 'Whitney', 'Austin', 'Matejka', 'Mansour', 'M', NULL, 'whitney.matejka4@gmail.com', '1103195691441', '1956-12-31'),
(261, 'Marisa', 'Dorella', 'Pennington', 'Whitman', 'F', '2564 Schiller Parkway', 'marisa_pennington@live.com', '1409200003446', '2000-12-28'),
(262, 'Kit', 'Clement', 'McLaine', 'Ings', 'M', '6 Warner Drive', 'kit.mclaine@unah.hn', '1118193522971', '1935-05-12'),
(263, 'Elvera', 'Zulema', 'Borg-Bartolo', 'Eady', 'F', '17040 Katie Avenue', 'elvera.borg-bartolo@unah.hn', '1528195030606', '1950-08-11'),
(264, 'Jerad', 'Martainn', 'McKimmey', 'Goodsell', 'M', NULL, 'jerad_mckimmey1@live.com', '0116199625491', '1996-12-11'),
(265, 'Jane', 'Ashlie', 'Roseborough', 'Gyse', 'F', NULL, 'jane.roseborough0@unah.hn', '0921198210838', '1982-12-30'),
(266, 'Krisha', 'Miller', 'Oherlihy', 'Dixcey', 'M', '91 Clove Terrace', 'krisha.oherlihy0@unah.hn', '0926194898173', '1948-01-25'),
(267, 'Melicent', 'Valli', 'Brooks', 'Shooter', 'F', NULL, 'melicent_brooks9@unah.hn', '1121196782644', '1967-12-20'),
(268, 'Brendis', NULL, 'Verbrugge', NULL, 'M', '05 Lakewood Gardens Court', 'brendis.verbrugge15@unah.hn', '0806197041118', '1970-01-26'),
(269, 'Rustin', 'Parke', 'Osinin', 'Bottrill', 'M', '963 Paget Alley', 'rustin.osinin57@unah.hn', '1406198465725', '1984-06-13'),
(270, 'Nilson', 'Saxon', 'Stubs', 'Hebbes', 'M', NULL, 'nilson_stubs@unah.hn', '1523193572420', '1935-01-27'),
(271, 'Kane', 'Mord', 'Glewe', 'Haime', 'M', NULL, 'kane.glewe@unah.hn', '1810198120164', '1981-07-10'),
(272, 'Lock', 'Austen', 'Waplinton', 'Holliar', 'M', '0333 Brown Center', 'lock.waplinton@live.com', '0222193820383', '1938-06-15'),
(273, 'Arron', NULL, 'Burghill', NULL, 'M', '0 Elka Point', 'arron_burghill4@gmail.com', '0908197959146', '1979-08-18'),
(274, 'Blanch', 'Christian', 'Mooney', 'Klimpt', 'F', NULL, 'blanch_mooney1@unah.hn', '1114198735655', '1987-06-28'),
(275, 'Helen-elizabeth', 'Jacenta', 'Clemmens', 'Seago', 'F', '28 Macpherson Road', 'helen-elizabeth_clemmens85@unah.hn', '0707195442164', '1954-04-08'),
(276, 'Carolina', 'Sonnie', 'Gelderd', 'Wallman', 'F', NULL, 'carolina.gelderd@yahoo.com', '0616195658382', '1956-10-06'),
(277, 'Salli', NULL, 'Sudddard', NULL, 'F', '86283 Di Loreto Park', 'salli_sudddard73@unah.hn', '1627199122940', '1991-11-19'),
(278, 'Aleece', 'Leanor', 'Eggins', 'Le Frank', 'F', NULL, 'aleece_eggins@unah.hn', '0823196978512', '1969-09-17'),
(279, 'Victoir', 'Jeremie', 'Ashforth', 'Bohlmann', 'M', NULL, 'victoir_ashforth@gmail.com', '1411198975834', '1989-06-06'),
(280, 'Jolee', 'Paulie', 'Shirer', 'Woolmore', 'F', NULL, 'jolee_shirer27@yahoo.com', '1814198029812', '1980-03-06'),
(281, 'Trueman', NULL, 'Clapson', NULL, 'M', '04720 Dahle Way', 'trueman_clapson74@gmail.com', '0403194359585', '1943-09-12'),
(282, 'Darren', 'Benoit', 'Pablo', 'Galbreth', 'M', '091 Bartillon Junction', 'darren.pablo@unah.hn', '0621194052313', '1940-08-08'),
(283, 'Malvina', 'Concordia', 'Maier', 'Davidescu', 'F', '62 Oneill Park', 'malvina_maier45@gmail.com', '0711198580240', '1985-07-15'),
(284, 'Sherwin', 'Verne', 'Heathwood', 'Wick', 'M', '180 Randy Court', 'sherwin_heathwood@unah.hn', '1316197432182', '1974-02-14'),
(285, 'Tammy', 'Kean', 'Franciottoi', 'Capes', 'M', NULL, 'tammy.franciottoi4@unah.hn', '0702196846652', '1968-12-19'),
(286, 'Rikki', 'Maxy', 'Campa', 'Tabourier', 'F', '6445 Meadow Ridge Court', 'rikki.campa@unah.hn', '0411199383492', '1993-12-24'),
(287, 'Vassili', NULL, 'Humbey', NULL, 'M', NULL, 'vassili_humbey23@gmail.com', '0910199866907', '1998-01-13'),
(288, 'Keane', 'Malachi', 'Nozzolii', 'Fleote', 'M', '8 Rieder Parkway', 'keane.nozzolii7@live.com', '0126193936911', '1939-12-24'),
(289, 'Nicola', 'Gabriela', 'Milliken', 'Scroggins', 'F', NULL, 'nicola.milliken@unah.hn', '1803194791328', '1947-03-02'),
(290, 'Urbano', 'Mason', 'Ludee', 'Jess', 'M', NULL, 'urbano.ludee9@unah.hn', '0908199124708', '1991-05-25'),
(291, 'Geri', 'Ibrahim', 'Corck', 'Earney', 'M', NULL, 'geri.corck06@unah.hn', '0208193180252', '1931-08-05'),
(292, 'Ash', 'Halsey', 'Lamport', 'Luard', 'M', '3422 Lien Plaza', 'ash.lamport1@unah.hn', '1727196596901', '1965-02-21'),
(293, 'Livia', 'Deeyn', 'Braga', 'Imloch', 'F', NULL, 'livia_braga5@unah.hn', '1119199340252', '1993-03-08'),
(294, 'Coral', 'Drusie', 'Trenholm', 'Tease', 'F', NULL, 'coral_trenholm74@live.com', '1013198074376', '1980-05-06'),
(295, 'Berna', 'Onida', 'Bernardelli', 'Gerrelts', 'F', NULL, 'berna.bernardelli@gmail.com', '1516199270748', '1992-09-02'),
(296, 'Kaine', NULL, 'Domican', NULL, 'M', NULL, 'kaine_domican50@unah.hn', '1321195082297', '1950-09-20'),
(297, 'Jonell', 'Lyssa', 'Coulton', 'Durker', 'F', '50 Nevada Plaza', 'jonell_coulton08@gmail.com', '1508193418166', '1934-07-13'),
(298, 'Berkie', 'Elmer', 'Surcombe', 'Hynes', 'M', NULL, 'berkie.surcombe@live.com', '1415198643815', '1986-01-13'),
(299, 'Lorain', 'Bridget', 'Greves', 'Bollins', 'F', '380 Cherokee Place', 'lorain_greves@unah.hn', '1604196449227', '1964-05-16'),
(300, 'Reese', 'Rolfe', 'Cutajar', 'Tolhurst', 'M', NULL, 'reese.cutajar79@unah.hn', '1415199102233', '1991-04-02'),
(301, 'Cesaro', 'Joaquin', 'Demanche', 'Enever', 'M', '4 Blackbird Court', 'cesaro_demanche30@unah.hn', '0602196463501', '1964-03-14'),
(302, 'Shandeigh', 'Neda', 'Carthew', 'Kemmish', 'F', '32 Clyde Gallagher Plaza', 'shandeigh_carthew90@live.com', '0802197514907', '1975-12-01'),
(303, 'Betta', 'Ilene', 'Levy', 'McVitty', 'F', '36903 Farwell Place', 'betta_levy@unah.hn', '0413193461387', '1934-10-19'),
(304, 'Lucais', 'Julius', 'Benardette', 'Di Biaggi', 'M', '2797 Talisman Street', 'lucais.benardette0@unah.hn', '1104196746241', '1967-06-08'),
(305, 'Warde', 'Norby', 'Lippingwell', 'Goodwyn', 'M', NULL, 'warde_lippingwell0@gmail.com', '1705195976801', '1959-06-10'),
(306, 'Hermie', 'Boyce', 'Cheatle', 'Creighton', 'M', NULL, 'hermie.cheatle70@unah.hn', '1625198464495', '1984-10-31'),
(307, 'Ignace', 'Pall', 'Forsdike', 'Screech', 'M', '27048 Sachtjen Alley', 'ignace.forsdike@yahoo.com', '1009198199506', '1981-01-27'),
(308, 'Willette', 'Kirsti', 'Muge', 'Sutcliff', 'F', '53989 Nobel Center', 'willette.muge83@live.com', '1325193353621', '1933-01-26'),
(309, 'Bertha', 'Lauretta', 'Moscon', 'Farmery', 'F', NULL, 'bertha_moscon5@unah.hn', '0328196337135', '1963-03-19'),
(310, 'Yorgo', NULL, 'Parrish', NULL, 'M', '6371 Weeping Birch Avenue', 'yorgo_parrish@live.com', '0217193316184', '1933-11-29'),
(311, 'Elwyn', NULL, 'Hazlegrove', NULL, 'M', '4564 Fuller Center', 'elwyn.hazlegrove8@unah.hn', '1814195935303', '1959-01-23'),
(312, 'Horst', NULL, 'Scrivens', NULL, 'M', '1866 South Place', 'horst_scrivens@gmail.com', '1019193956476', '1939-09-05'),
(313, 'Brandtr', 'Agustin', 'Titcom', 'Barracks', 'M', '1 Luster Crossing', 'brandtr_titcom8@live.com', '0926198710385', '1987-01-10'),
(314, 'Fara', 'Zilvia', 'Emmert', 'Mattisssen', 'F', '40 Fulton Lane', 'fara_emmert0@unah.hn', '0917193570389', '1935-05-12'),
(315, 'Michell', 'Marquita', 'Bridgwater', 'Maron', 'F', NULL, 'michell_bridgwater@gmail.com', '1118193161701', '1931-02-25'),
(316, 'Edvard', 'Crichton', 'Braikenridge', 'Almey', 'M', NULL, 'edvard.braikenridge2@unah.hn', '0314194998064', '1949-09-17'),
(317, 'Alanna', 'Caprice', 'Hyndson', 'Naismith', 'F', '6 Eagan Place', 'alanna_hyndson4@unah.hn', '1319199309490', '1993-06-30'),
(318, 'Gibb', 'Phillipe', 'Kember', 'Halfpenny', 'M', '33 Pleasure Trail', 'gibb.kember22@yahoo.com', '1213198549336', '1985-08-05'),
(319, 'Kare', 'Kaitlyn', 'Morgan', 'Postles', 'F', '212 Village Junction', 'kare.morgan49@unah.hn', '0603195230811', '1952-01-13'),
(320, 'Maxie', 'Siana', 'Alliott', 'Gurling', 'F', '7 Eagle Crest Terrace', 'maxie_alliott98@gmail.com', '1515198620134', '1986-08-05'),
(321, 'Hugues', 'Gordie', 'Belding', 'Ensley', 'M', '668 Rutledge Crossing', 'hugues_belding24@unah.hn', '0623198942128', '1989-05-01'),
(322, 'Bendicty', 'Nat', 'Laidler', 'Bendin', 'M', '98 Westerfield Circle', 'bendicty_laidler@unah.hn', '1517199919829', '1999-02-03'),
(323, 'Mortimer', NULL, 'VanBrugh', NULL, 'M', '80526 Shoshone Crossing', 'mortimer_vanbrugh9@unah.hn', '0805198061457', '1980-01-16'),
(324, 'Marwin', 'Gustave', 'Deevey', 'Pagen', 'M', '163 Dryden Alley', 'marwin.deevey7@live.com', '0428198607760', '1986-11-08'),
(325, 'Garrott', 'Andris', 'Petriello', 'Fears', 'M', '8 Becker Lane', 'garrott.petriello@unah.hn', '0627197606759', '1976-07-20'),
(326, 'Nataniel', 'Zebadiah', 'Garlick', 'Annear', 'M', '5 Summit Road', 'nataniel.garlick@gmail.com', '0519197913425', '1979-10-08'),
(327, 'Saundra', 'Lemuel', 'Spore', 'Ferreira', 'M', '5413 Erie Point', 'saundra_spore60@unah.hn', '1502194021560', '1940-01-11'),
(328, 'Carney', 'Hubie', 'Lamburn', 'Yeliashev', 'M', NULL, 'carney.lamburn9@live.com', '0611194679247', '1946-09-02'),
(329, 'Guglielmo', 'Thomas', 'Kedwell', 'Stoddard', 'M', NULL, 'guglielmo_kedwell2@unah.hn', '1121197318506', '1973-02-24'),
(330, 'Arte', 'Noby', 'Fabri', 'Holbury', 'M', NULL, 'arte_fabri@gmail.com', '0128198513693', '1985-09-11'),
(331, 'Bank', 'Tobit', 'Battany', 'Maevela', 'M', '90790 Arrowood Alley', 'bank_battany@unah.hn', '0326193967329', '1939-09-24'),
(332, 'Maggy', 'Gwenette', 'Sidebottom', 'Spleving', 'F', '3240 Schlimgen Pass', 'maggy_sidebottom@unah.hn', '1502199214123', '1992-09-18'),
(333, 'Aveline', 'Jessy', 'Gounod', 'Dodridge', 'F', '587 Twin Pines Terrace', 'aveline_gounod15@unah.hn', '1111197078022', '1970-03-10'),
(334, 'Emmerich', 'Uriel', 'Brotheridge', 'Tweddell', 'M', NULL, 'emmerich_brotheridge70@live.com', '0125199390226', '1993-02-24'),
(335, 'Roma', 'Esme', 'Gaynesford', 'Bradane', 'M', NULL, 'roma_gaynesford@gmail.com', '1102195119061', '1951-08-24'),
(336, 'Phillis', 'Arleyne', 'Downey', 'Sheddan', 'F', NULL, 'phillis.downey7@unah.hn', '1111199160224', '1991-08-01'),
(337, 'Devan', 'Claude', 'Howis', 'Goch', 'F', NULL, 'devan_howis67@unah.hn', '1225194851812', '1948-02-13'),
(338, 'Kathryn', 'Tara', 'Normansell', 'Mannakee', 'F', '892 Armistice Pass', 'kathryn.normansell56@live.com', '1709196155984', '1961-05-10'),
(339, 'Sigismond', NULL, 'Haresnape', NULL, 'M', '0763 Florence Park', 'sigismond.haresnape97@live.com', '1811197783298', '1977-08-06'),
(340, 'Cilka', 'Magdaia', 'Sture', 'Timoney', 'F', '7 American Hill', 'cilka_sture4@unah.hn', '0621193597549', '1935-08-03'),
(341, 'Krisha', 'Irving', 'Carhart', 'Ullett', 'M', NULL, 'krisha.carhart5@live.com', '1512199267300', '1992-04-21'),
(342, 'Orson', 'Gonzales', 'Ansley', 'Drinkhill', 'M', '11 Coleman Circle', 'orson.ansley@live.com', '0925193681895', '1936-12-12'),
(343, 'Jannel', 'Danita', 'Hillam', 'Skewis', 'F', NULL, 'jannel_hillam02@yahoo.com', '1407198161313', '1981-01-19'),
(344, 'Clive', NULL, 'Pharaoh', NULL, 'M', NULL, 'clive.pharaoh3@live.com', '1623197880263', '1978-10-16'),
(345, 'Roxie', 'Betteanne', 'McBayne', 'McFarlan', 'F', '4075 Sheridan Point', 'roxie_mcbayne4@yahoo.com', '0519198339075', '1983-10-30'),
(346, 'Shaine', 'Lotte', 'Cancutt', 'Tolomelli', 'F', '0576 Cascade Way', 'shaine_cancutt95@gmail.com', '0311198495090', '1984-03-19'),
(347, 'Helaine', 'Corie', 'Ludman', 'Kedge', 'F', '8 Homewood Circle', 'helaine.ludman1@yahoo.com', '0822195041827', '1950-05-18'),
(348, 'Janeta', 'Stella', 'Melbury', 'Mucci', 'F', '146 Gulseth Parkway', 'janeta.melbury@gmail.com', '1427197214114', '1972-07-01'),
(349, 'Piggy', 'Pernell', 'Yeiles', 'Danelutti', 'M', '79 Lawn Junction', 'piggy.yeiles39@unah.hn', '1325198777972', '1987-11-06'),
(350, 'Esma', 'Joelynn', 'Twitchings', 'Bickardike', 'F', NULL, 'esma_twitchings4@gmail.com', '0322197206233', '1972-10-03'),
(351, 'Goran', 'Cosmo', 'Harlock', 'Ridding', 'M', '06 Golf Course Junction', 'goran_harlock15@unah.hn', '0416198545517', '1985-08-05'),
(352, 'Genovera', 'Edythe', 'McBeath', 'Anand', 'F', NULL, 'genovera.mcbeath41@unah.hn', '0501199355969', '1993-08-13'),
(353, 'Lay', 'Alexandros', 'Conibere', 'McClelland', 'M', '6155 Nelson Point', 'lay_conibere5@unah.hn', '0716199847583', '1998-07-28'),
(354, 'Catriona', NULL, 'Filppetti', NULL, 'F', NULL, 'catriona.filppetti03@unah.hn', '1408194454583', '1944-10-10'),
(355, 'Ruthie', 'Jessica', 'Yearsley', 'Bingle', 'F', '013 Doe Crossing Way', 'ruthie.yearsley62@gmail.com', '1810198983033', '1989-06-12'),
(356, 'Bernarr', 'Andris', 'Van Hesteren', 'Sanper', 'M', NULL, 'bernarr_vanhesteren@unah.hn', '1017193219360', '1932-04-28'),
(357, 'Candida', 'Edythe', 'Ledgard', 'Perassi', 'F', '04271 Hanover Center', 'candida_ledgard42@unah.hn', '1023193840269', '1938-08-04'),
(358, 'Kippy', 'Calli', 'Axel', 'Denk', 'F', '62570 Reindahl Place', 'kippy.axel@yahoo.com', '1127196731437', '1967-07-22'),
(359, 'Lorna', 'Ansley', 'Greenwell', 'Ellice', 'F', NULL, 'lorna_greenwell@live.com', '1412199423921', '1994-11-30'),
(360, 'Karl', 'Gabby', 'Duro', 'Ledstone', 'M', NULL, 'karl.duro93@unah.hn', '0227198498498', '1984-10-20'),
(361, 'Dawn', 'Karrie', 'Southon', 'Davidesco', 'F', '363 Mallory Parkway', 'dawn.southon1@unah.hn', '0106194624114', '1946-10-19'),
(362, 'Marilyn', 'Illa', 'Conaghan', 'Trigwell', 'F', NULL, 'marilyn.conaghan56@live.com', '1424195023398', '1950-05-24'),
(363, 'Staffard', 'Dillon', 'Berkeley', 'Lapsley', 'M', NULL, 'staffard_berkeley@live.com', '1324193471371', '1934-01-31'),
(364, 'Jordanna', NULL, 'Bresnen', NULL, 'F', NULL, 'jordanna.bresnen4@gmail.com', '0601199704612', '1997-05-02'),
(365, 'Terri', 'Orlan', 'Staniland', 'Van Salzberger', 'M', NULL, 'terri_staniland@unah.hn', '0922196043288', '1960-07-24'),
(366, 'Charlie', 'Raffaello', 'Kuhl', 'Darwen', 'M', NULL, 'charlie_kuhl9@unah.hn', '0727193930502', '1939-12-02'),
(367, 'Annie', NULL, 'Galland', NULL, 'F', NULL, 'annie_galland6@unah.hn', '0703198906037', '1989-04-24'),
(368, 'Junie', 'Rosalynd', 'Crilley', 'David', 'F', NULL, 'junie.crilley5@live.com', '1414196982451', '1969-03-18'),
(369, 'Cody', 'Lothario', 'Meegan', 'McNirlin', 'M', '346 Dorton Center', 'cody_meegan4@unah.hn', '0712199970753', '1999-06-08'),
(370, 'Erie', NULL, 'Adamini', NULL, 'M', NULL, 'erie_adamini@yahoo.com', '1017199222815', '1992-04-01'),
(371, 'Ivonne', 'Kerrin', 'Bloyes', 'Frances', 'F', '3 Westerfield Point', 'ivonne_bloyes@gmail.com', '0123194469563', '1944-11-17'),
(372, 'Gabriellia', 'Tonie', 'Bugg', 'Bakhrushkin', 'F', '62236 Victoria Park', 'gabriellia_bugg61@gmail.com', '0315193533693', '1935-08-29'),
(373, 'Orella', 'Wilhelmina', 'Choake', 'Screach', 'F', NULL, 'orella.choake77@live.com', '0502197375060', '1973-02-12'),
(374, 'Ryann', NULL, 'Randleson', NULL, 'F', '012 Rusk Road', 'ryann_randleson31@live.com', '0122193702255', '1937-08-08'),
(375, 'Major', 'Jory', 'Ambrozik', 'Turneux', 'M', '9857 Hanson Court', 'major_ambrozik@unah.hn', '0802198545037', '1985-12-10'),
(376, 'Odo', NULL, 'Busse', NULL, 'M', NULL, 'odo_busse9@unah.hn', '0317195666414', '1956-10-18'),
(377, 'Mufi', NULL, 'Gagen', NULL, 'F', NULL, 'mufi_gagen1@live.com', '1705194855607', '1948-12-26'),
(378, 'Ronnica', 'Addi', 'Traher', 'Torrans', 'F', '7962 Rusk Hill', 'ronnica_traher0@live.com', '1219199824459', '1998-09-06'),
(379, 'Lay', NULL, 'Jacobi', NULL, 'M', '9134 Fallview Road', 'lay_jacobi75@yahoo.com', '0116194141878', '1941-12-30'),
(380, 'Neils', 'Stearne', 'Shevell', 'Spalls', 'M', '4269 Vermont Crossing', 'neils_shevell4@unah.hn', '1802195766140', '1957-10-23'),
(381, 'Frannie', 'Filberto', 'Hanmer', 'Poulsum', 'M', '9 Ridgeway Court', 'frannie.hanmer5@live.com', '0918194260972', '1942-12-06'),
(382, 'Stillmann', 'Beniamino', 'Silcock', 'Tokell', 'M', '5078 Goodland Street', 'stillmann.silcock@live.com', '0127195951074', '1959-09-10'),
(383, 'Merridie', 'Ethel', 'Fogt', 'Desforges', 'F', NULL, 'merridie.fogt@yahoo.com', '0708197644172', '1976-01-25'),
(384, 'Arabella', 'Alix', 'Chaplyn', 'Baton', 'F', '0996 Carpenter Trail', 'arabella.chaplyn4@unah.hn', '0906194822980', '1948-01-17'),
(385, 'Abbe', 'Rudolfo', 'Brimelow', 'Willetts', 'M', '548 Huxley Avenue', 'abbe.brimelow@unah.hn', '0710194461516', '1944-09-17'),
(386, 'Aurora', 'Tove', 'McGrae', 'Delacoste', 'F', '12 Meadow Valley Junction', 'aurora_mcgrae82@live.com', '1415194695338', '1946-11-15'),
(387, 'Louis', 'Sidnee', 'Dowling', 'Grise', 'M', '18788 Logan Junction', 'louis.dowling9@unah.hn', '0810198566774', '1985-09-16'),
(388, 'Alexander', 'Brannon', 'Hoodless', 'Mattheeuw', 'M', '4 Banding Lane', 'alexander.hoodless0@unah.hn', '0323194080935', '1940-10-31'),
(389, 'Fowler', 'Eldon', 'Lycett', 'Shimwall', 'M', NULL, 'fowler_lycett61@unah.hn', '1526198475978', '1984-08-15'),
(390, 'Benedetta', 'Elizabeth', 'Youell', 'MattiCCI', 'F', NULL, 'benedetta.youell6@unah.hn', '1627194386056', '1943-11-16'),
(391, 'Dunn', 'Laurens', 'Stidworthy', 'Woolfall', 'M', '9919 Namekagon Junction', 'dunn_stidworthy@gmail.com', '0802199475614', '1994-08-18'),
(392, 'Giulietta', 'Zorine', 'Americi', 'Dumbreck', 'F', NULL, 'giulietta_americi61@unah.hn', '0514199059111', '1990-07-18'),
(393, 'Fidelity', 'Reta', 'Grimes', 'Fuzzey', 'F', NULL, 'fidelity_grimes3@yahoo.com', '1209196513485', '1965-11-28'),
(394, 'Debor', NULL, 'Scobie', NULL, 'F', '472 Hoffman Lane', 'debor_scobie28@unah.hn', '0228195774358', '1957-07-31'),
(395, 'Pascal', 'Haleigh', 'Newlin', 'Leheude', 'M', '40927 Oneill Place', 'pascal.newlin59@live.com', '0709193918333', '1939-03-08'),
(396, 'Yank', 'Gasper', 'Whatmough', 'Hugin', 'M', '12 Union Pass', 'yank.whatmough43@unah.hn', '1119197240178', '1972-10-30'),
(397, 'Ashleigh', NULL, 'Norris', NULL, 'F', '753 Hauk Crossing', 'ashleigh_norris4@live.com', '1523198186251', '1981-11-27'),
(398, 'Ashil', 'Britte', 'Verma', 'Beadon', 'F', NULL, 'ashil_verma0@unah.hn', '0611198722526', '1987-08-26'),
(399, 'Elias', 'Nikita', 'Struthers', 'Phython', 'M', '6 Ridge Oak Alley', 'elias.struthers89@yahoo.com', '1622199682866', '1996-01-23'),
(400, 'Karrie', 'Barbara', 'Mitchelmore', 'Dargavel', 'F', '276 Rigney Crossing', 'karrie.mitchelmore30@yahoo.com', '0327199698835', '1996-11-05'),
(401, 'Catrina', 'Teresina', 'Shoobridge', 'Portman', 'F', NULL, 'catrina_shoobridge@live.com', '1711197840999', '1978-02-21'),
(402, 'Brittani', NULL, 'Cutmare', NULL, 'F', NULL, 'brittani.cutmare1@unah.hn', '0814195138363', '1951-01-23'),
(403, 'Trescha', 'Marie-jeanne', 'Goymer', 'Basson', 'F', '42809 Bayside Court', 'trescha.goymer3@live.com', '0209196193293', '1961-03-13'),
(404, 'Jania', 'Filippa', 'Weldrick', 'Loughnan', 'F', NULL, 'jania.weldrick79@live.com', '1712197495212', '1974-08-20'),
(405, 'Frances', 'Marley', 'Keetch', 'Proud', 'F', NULL, 'frances_keetch@live.com', '0719197400470', '1974-10-13'),
(406, 'Caleb', 'Hernando', 'Iacobucci', 'Tidman', 'M', NULL, 'caleb_iacobucci56@unah.hn', '1723199519900', '1995-10-26');
INSERT INTO `persona` (`id_persona`, `primer_nombre`, `segundo_nombre`, `primer_apellido`, `segundo_apellido`, `sexo`, `direccion`, `correo_electronico`, `numero_identidad`, `fecha_nacimiento`) VALUES
(407, 'Willyt', 'Jaymee', 'Coping', 'Bowler', 'F', NULL, 'willyt_coping2@unah.hn', '1824195534530', '1955-07-03'),
(408, 'Richart', 'Konrad', 'Kenford', 'Maior', 'M', NULL, 'richart_kenford@unah.hn', '1228193431571', '1934-06-10'),
(409, 'Konstantine', 'Reuven', 'Ferraro', 'Massimi', 'M', '957 Marquette Alley', 'konstantine_ferraro9@live.com', '1410193266628', '1932-05-19'),
(410, 'Dewey', 'Sloane', 'Colegrove', 'Gilluley', 'M', '0 Oriole Trail', 'dewey_colegrove@live.com', '0616198734167', '1987-08-10'),
(411, 'Jodee', NULL, 'Rennick', NULL, 'F', NULL, 'jodee.rennick25@live.com', '0624196719165', '1967-01-02'),
(412, 'Wilden', 'Sylvester', 'Sandbatch', 'O- Hern', 'M', '1 Schiller Way', 'wilden.sandbatch@unah.hn', '1103199151582', '1991-09-29'),
(413, 'Sly', 'Saxon', 'Floodgate', 'Zold', 'M', NULL, 'sly.floodgate82@unah.hn', '0314196692059', '1966-09-13'),
(414, 'Tony', NULL, 'Jaquiss', NULL, 'M', NULL, 'tony.jaquiss@live.com', '1207197722615', '1977-06-23'),
(415, 'Eberto', 'Jessie', 'Martinovic', 'Rolfi', 'M', NULL, 'eberto_martinovic4@unah.hn', '0515195976477', '1959-07-06'),
(416, 'Wilhelm', 'Town', 'Gunny', 'Seven', 'M', '8036 Briar Crest Place', 'wilhelm_gunny03@yahoo.com', '1410196526708', '1965-11-26'),
(417, 'Abbey', NULL, 'Watmore', NULL, 'F', NULL, 'abbey.watmore22@unah.hn', '1505199943905', '1999-03-18'),
(418, 'Lizzy', 'Miquela', 'ducarme', 'Dring', 'F', NULL, 'lizzy_ducarme0@yahoo.com', '1023194151973', '1941-01-25'),
(419, 'Loree', NULL, 'Livermore', NULL, 'F', NULL, 'loree.livermore43@gmail.com', '0327198113209', '1981-12-06'),
(420, 'Alphonso', 'Ludovico', 'Wooler', 'Granleese', 'M', '86133 Del Mar Junction', 'alphonso_wooler6@unah.hn', '0216194275972', '1942-04-14'),
(421, 'Ralf', 'Levy', 'Rigden', 'Heggs', 'M', '2 Porter Circle', 'ralf.rigden4@unah.hn', '1605198492390', '1984-02-25'),
(422, 'Glendon', 'Pasquale', 'Livezley', 'Ager', 'M', '095 Muir Place', 'glendon.livezley4@unah.hn', '1202196662276', '1966-12-11'),
(423, 'Noble', NULL, 'Butchart', NULL, 'M', '9050 Cordelia Drive', 'noble_butchart6@unah.hn', '1014196179612', '1961-01-12'),
(424, 'Ferne', 'Nisse', 'Kiernan', 'Chastan', 'F', '7 Northport Point', 'ferne_kiernan@unah.hn', '0628196768426', '1967-07-07'),
(425, 'Lilith', 'Prudi', 'Van Son', 'Dmitr', 'F', '7 David Hill', 'lilith.vanson7@unah.hn', '1327197791265', '1977-12-22'),
(426, 'Lola', 'Margie', 'Genthner', 'Tresise', 'F', NULL, 'lola_genthner5@unah.hn', '1828194642479', '1946-01-22'),
(427, 'Pooh', 'Baxy', 'Alfwy', 'Linke', 'M', NULL, 'pooh_alfwy@unah.hn', '0414199523851', '1995-08-20'),
(428, 'Ardith', 'Dian', 'Castro', 'Marcinkus', 'F', '634 Memorial Terrace', 'ardith_castro91@yahoo.com', '1312193582351', '1935-03-28'),
(429, 'Ignaz', 'Andrew', 'Chidlow', 'Ferrelli', 'M', NULL, 'ignaz.chidlow0@yahoo.com', '1022197266608', '1972-08-21'),
(430, 'Kiah', NULL, 'Forsaith', NULL, 'F', NULL, 'kiah.forsaith9@unah.hn', '0728195103122', '1951-03-28'),
(431, 'Jordanna', 'Auberta', 'Statton', 'Alldred', 'F', NULL, 'jordanna.statton70@unah.hn', '0425197779234', '1977-10-03'),
(432, 'Terry', 'Olag', 'Feenan', 'Elsip', 'M', '6 Almo Terrace', 'terry_feenan21@unah.hn', '1822197588282', '1975-10-17'),
(433, 'Kenyon', 'Eli', 'Foynes', 'Daud', 'M', '8926 Dennis Center', 'kenyon.foynes@unah.hn', '1427195109565', '1951-08-27'),
(434, 'Prince', 'Stanly', 'Kilbourn', 'Jahnisch', 'M', NULL, 'prince.kilbourn57@unah.hn', '1104198265588', '1982-06-01'),
(435, 'Jorie', 'Stormie', 'Vasilmanov', 'Bish', 'F', NULL, 'jorie.vasilmanov71@unah.hn', '1523194924237', '1949-03-21'),
(436, 'Margalo', 'Catriona', 'Barnwille', 'Koubek', 'F', '660 Parkside Circle', 'margalo_barnwille@unah.hn', '1502197310534', '1973-07-20'),
(437, 'Jenine', 'Vonni', 'Clemencon', 'Camel', 'F', '67 Ronald Regan Hill', 'jenine.clemencon@unah.hn', '1125197541456', '1975-02-18'),
(438, 'Jedd', 'Richard', 'Backshill', 'Symcock', 'M', '7 Waubesa Point', 'jedd.backshill@gmail.com', '0425197709253', '1977-09-19'),
(439, 'Ginny', 'Pen', 'Skillicorn', 'Pfaff', 'F', NULL, 'ginny_skillicorn34@live.com', '1105194978148', '1949-09-02'),
(440, 'Dore', NULL, 'Hobbert', NULL, 'F', '7021 Shelley Alley', 'dore.hobbert@unah.hn', '1618194642688', '1946-09-30'),
(441, 'Larina', 'Misha', 'Moncrefe', 'Kendall', 'F', '876 Derek Way', 'larina.moncrefe@gmail.com', '1714194146475', '1941-01-03'),
(442, 'Kingsly', 'Malchy', 'Cuttell', 'Ivan', 'M', NULL, 'kingsly.cuttell7@unah.hn', '1223196633868', '1966-09-30'),
(443, 'Margit', 'Val', 'Cosh', 'Gerrit', 'F', '95996 Eliot Hill', 'margit.cosh82@live.com', '0408197897310', '1978-05-13'),
(444, 'Berkie', 'Douglass', 'Grime', 'Python', 'M', '4 Anhalt Plaza', 'berkie.grime34@unah.hn', '0427196692053', '1966-08-12'),
(445, 'Krystalle', 'Ada', 'Snadden', 'Vineall', 'F', '257 Cordelia Place', 'krystalle_snadden7@unah.hn', '1314194235709', '1942-08-18'),
(446, 'Letizia', 'Lilia', 'Cossey', 'Galgey', 'F', '47453 American Ash Lane', 'letizia.cossey86@unah.hn', '1816199106630', '1991-01-27'),
(447, 'Ludwig', 'Tabbie', 'Gable', 'Muir', 'M', NULL, 'ludwig_gable02@live.com', '1418199189606', '1991-01-03'),
(448, 'Mylo', 'Kellby', 'Pearcehouse', 'Bleier', 'M', NULL, 'mylo.pearcehouse@live.com', '0606199431961', '1994-09-13'),
(449, 'Kipper', 'Gunther', 'Matches', 'O-Kelly', 'M', NULL, 'kipper.matches@unah.hn', '1314193182522', '1931-01-16'),
(450, 'Kirsten', 'Eadith', 'Greyes', 'Quinnette', 'F', NULL, 'kirsten_greyes05@live.com', '0606196077707', '1960-12-02'),
(451, 'Gillan', 'Editha', 'Brimner', 'Darville', 'F', NULL, 'gillan.brimner8@gmail.com', '1017194880914', '1948-02-22'),
(452, 'Justis', 'Dunstan', 'Limbourne', 'Leathwood', 'M', NULL, 'justis_limbourne03@unah.hn', '0825194635439', '1946-06-15'),
(453, 'Amy', NULL, 'Calley', NULL, 'F', '9 Farwell Terrace', 'amy.calley0@unah.hn', '1007199530961', '1995-02-17'),
(454, 'Bald', NULL, 'Oswal', NULL, 'M', '4682 Rieder Point', 'bald.oswal6@gmail.com', '0417196242290', '1962-02-05'),
(455, 'Cindie', NULL, 'Cheatle', NULL, 'F', NULL, 'cindie_cheatle50@gmail.com', '0904193778278', '1937-05-02'),
(456, 'Mechelle', 'Idaline', 'Gollard', 'Currum', 'F', '7324 Lukken Plaza', 'mechelle.gollard9@unah.hn', '1315198569692', '1985-05-15'),
(457, 'Noel', 'Claire', 'Bodemeaid', 'Stroder', 'M', '97925 Butternut Place', 'noel_bodemeaid67@unah.hn', '0515193611585', '1936-04-17'),
(458, 'Sergeant', NULL, 'Dawidowicz', NULL, 'M', '652 Katie Plaza', 'sergeant_dawidowicz13@gmail.com', '0402195461484', '1954-05-22'),
(459, 'Francklyn', 'Marmaduke', 'Esson', 'Braunlein', 'M', NULL, 'francklyn_esson@live.com', '1307197605664', '1976-11-13'),
(460, 'Babara', 'Karalynn', 'Curgenven', 'Knellen', 'F', NULL, 'babara.curgenven99@unah.hn', '1826198060052', '1980-11-04'),
(461, 'Kenton', 'Abram', 'Klass', 'Jehaes', 'M', NULL, 'kenton.klass7@gmail.com', '0215197646673', '1976-10-01'),
(462, 'Willi', 'Marylin', 'McDuffy', 'Craze', 'F', NULL, 'willi_mcduffy1@unah.hn', '0822193414359', '1934-12-19'),
(463, 'Vivi', 'Britni', 'Seefus', 'Vossing', 'F', NULL, 'vivi.seefus6@live.com', '0317193033094', '1930-12-30'),
(464, 'Ganny', 'Jose', 'Wimlett', 'Goodinson', 'M', '2042 Sheridan Hill', 'ganny_wimlett4@live.com', '0905193646947', '1936-02-13'),
(465, 'Heall', 'Osborn', 'Clowley', 'Bothen', 'M', NULL, 'heall_clowley5@live.com', '0407195260681', '1952-10-19'),
(466, 'Francis', NULL, 'McCathy', NULL, 'M', NULL, 'francis_mccathy@unah.hn', '1207193431267', '1934-05-01'),
(467, 'Ram', 'Gard', 'Gammidge', 'Jeans', 'M', NULL, 'ram_gammidge60@unah.hn', '0126196215516', '1962-02-19'),
(468, 'Ravid', 'Tobias', 'Fireman', 'Heppner', 'M', '067 Forest Dale Alley', 'ravid.fireman@unah.hn', '1727197066901', '1970-02-10'),
(469, 'Larry', NULL, 'Kayzer', NULL, 'M', NULL, 'larry.kayzer@gmail.com', '0223198780804', '1987-09-21'),
(470, 'Elenore', 'Alvinia', 'Bull', 'Wemm', 'F', '05759 Jay Court', 'elenore_bull1@live.com', '1218200027450', '2000-03-09'),
(471, 'Johnathon', 'Alphonse', 'Duckham', 'Harcarse', 'M', NULL, 'johnathon_duckham@unah.hn', '1822198849043', '1988-09-27'),
(472, 'Sabra', 'Bernadene', 'Lecointe', 'Sanger', 'F', NULL, 'sabra_lecointe@unah.hn', '0712198953699', '1989-09-11'),
(473, 'Rorke', 'Eziechiele', 'Wardley', 'Rathbourne', 'M', NULL, 'rorke_wardley7@unah.hn', '0424197559840', '1975-08-30'),
(474, 'Barris', NULL, 'Wastell', NULL, 'M', '1 Fremont Hill', 'barris_wastell@live.com', '0327198261732', '1982-07-02'),
(475, 'Corabella', 'Benita', 'Eamer', 'Astie', 'F', NULL, 'corabella_eamer56@live.com', '0111196140189', '1961-10-18'),
(476, 'Tome', 'Whit', 'Rouzet', 'Thresher', 'M', NULL, 'tome.rouzet8@unah.hn', '1127198681513', '1986-09-07'),
(477, 'Addi', 'Seana', 'Dorber', 'Ahrens', 'F', '9737 Ridgeview Place', 'addi_dorber9@live.com', '0909200083780', '2000-01-20'),
(478, 'Tamarra', NULL, 'Beautyman', NULL, 'F', NULL, 'tamarra_beautyman44@unah.hn', '0526194582520', '1945-10-20'),
(479, 'Marten', 'Bronnie', 'Pinke', 'Swalwel', 'M', NULL, 'marten_pinke1@live.com', '1302199096533', '1990-01-01'),
(480, 'Alexandr', NULL, 'Dodgson', NULL, 'M', '2679 North Trail', 'alexandr_dodgson53@yahoo.com', '0601194518787', '1945-09-09'),
(481, 'Noami', 'Jewel', 'De Cleen', 'Buxam', 'F', NULL, 'noami_decleen09@unah.hn', '1103198385172', '1983-05-31'),
(482, 'Addi', 'Carmina', 'Drinkwater', 'Vogeller', 'F', NULL, 'addi_drinkwater@unah.hn', '0804199972755', '1999-11-03'),
(483, 'Loree', 'Shel', 'Grafton', 'Ianni', 'F', NULL, 'loree_grafton@gmail.com', '1328197293027', '1972-08-04'),
(484, 'Saleem', 'Clemmie', 'Pensom', 'Belasco', 'M', '76313 Pierstorff Crossing', 'saleem.pensom10@unah.hn', '0127194554333', '1945-02-20'),
(485, 'Ursa', NULL, 'Delacourt', NULL, 'F', NULL, 'ursa.delacourt@unah.hn', '1321193760678', '1937-12-17'),
(486, 'Germana', 'Maryjo', 'Piatek', 'McFie', 'F', NULL, 'germana.piatek5@unah.hn', '1208197151409', '1971-02-08'),
(487, 'Deeann', 'Raquel', 'Ciraldo', 'Grattan', 'F', NULL, 'deeann_ciraldo44@unah.hn', '1212196516631', '1965-08-31'),
(488, 'Shawna', 'Allissa', 'Whitecross', 'Reford', 'F', '29 Heath Terrace', 'shawna.whitecross@unah.hn', '0414194773483', '1947-10-15'),
(489, 'Alfonso', 'Halsey', 'Curzey', 'Ellwood', 'M', NULL, 'alfonso_curzey@unah.hn', '0808194567075', '1945-09-22'),
(490, 'Delmor', 'Arthur', 'Hiddy', 'Jobe', 'M', '030 Shoshone Pass', 'delmor.hiddy@live.com', '1305193557609', '1935-01-16'),
(491, 'Kaile', 'Carrie', 'Adshead', 'Brimilcombe', 'F', NULL, 'kaile.adshead46@live.com', '1404193380096', '1933-10-30'),
(492, 'Kingsley', 'Linc', 'Gladdis', 'Gobel', 'M', '385 Sommers Center', 'kingsley.gladdis@unah.hn', '0124193730095', '1937-09-20'),
(493, 'Hercule', 'Willem', 'Middlemist', 'De Benedictis', 'M', '48310 Elmside Terrace', 'hercule_middlemist@unah.hn', '0602198682470', '1986-04-03'),
(494, 'Gallard', 'Marietta', 'Brixey', 'Layne', 'M', NULL, 'gallard.brixey29@live.com', '1328194449324', '1944-07-02'),
(495, 'Alaster', 'Symon', 'Griss', 'Punch', 'M', NULL, 'alaster_griss@live.com', '0908194641865', '1946-07-20'),
(496, 'Ode', NULL, 'Worssam', NULL, 'M', NULL, 'ode.worssam2@unah.hn', '1025196522250', '1965-10-07'),
(497, 'Torrin', 'Muhammad', 'Fitter', 'Agglio', 'M', NULL, 'torrin_fitter59@live.com', '1003197731075', '1977-10-02'),
(498, 'Leela', 'Almeta', 'Hatchette', 'Belderfield', 'F', NULL, 'leela_hatchette9@unah.hn', '1612196745143', '1967-11-02'),
(499, 'Odella', 'Isabel', 'Helliar', 'Parlor', 'F', NULL, 'odella.helliar4@gmail.com', '0926198949907', '1989-06-08'),
(500, 'Alisun', 'Maud', 'Muckle', 'Jesse', 'F', '8 Waxwing Way', 'alisun_muckle22@unah.hn', '1026195147611', '1951-02-14');

--
-- Disparadores `persona`
--
DROP TRIGGER IF EXISTS `chk_persona_genero`;
DELIMITER $$
CREATE TRIGGER `chk_persona_genero` BEFORE INSERT ON `persona` FOR EACH ROW BEGIN
IF ( new.sexo NOT IN ('F', 'M', 'O')) = 0 THEN
    SIGNAL SQLSTATE '12345'
      SET MESSAGE_TEXT = 'Error: constraint chk_persona_genero CHECK';
  END IF;
END
$$
DELIMITER ;

-- --------------------------------------------------------

--
-- Estructura de tabla para la tabla `presentacion`
--

DROP TABLE IF EXISTS `presentacion`;
CREATE TABLE IF NOT EXISTS `presentacion` (
  `id_presentacion` int(11) NOT NULL AUTO_INCREMENT,
  `presentacion` varchar(50) COLLATE utf8_spanish_ci NOT NULL,
  PRIMARY KEY (`id_presentacion`)
) ENGINE=InnoDB AUTO_INCREMENT=1181 DEFAULT CHARSET=utf8 COLLATE=utf8_spanish_ci;

--
-- Volcado de datos para la tabla `presentacion`
--

INSERT INTO `presentacion` (`id_presentacion`, `presentacion`) VALUES
(2, '0,01% LOC X 60 ML'),
(30, '0,5 % GTAS X 1 X 5 ML'),
(51, '1 GR X 12 CMPR'),
(52, '1 GR X 16 CMPR.'),
(55, '1 GR X 8 CMPR.'),
(75, '1% UNG X 50 GRS'),
(100, '10 MG X 20 CMPR.'),
(107, '10 MG X 30 CMPR.'),
(112, '10 MG X 50 CMPR.'),
(125, '100 MG SOBRES X 14'),
(132, '100 MG X 100 CMPR.'),
(133, '100 MG X 14 COMP'),
(138, '100 MG X 20 CMPR'),
(140, '100 MG X 20 COMP'),
(142, '100 MG X 28 CMPR.'),
(147, '100 MG X 30 CMPR.'),
(153, '100 MG X 40 CMPR'),
(159, '100 MG X 50 COMP'),
(183, '1000 MG FCO AMP'),
(184, '1000 MG X 1 AMP'),
(185, '1000 MG X 16 CMPR.'),
(187, '1000 MG X 8 CMPR.'),
(222, '150 MG X 20 COMP'),
(301, '200 MG SOBRES X 14'),
(302, '200 MG SUSP X 20ML.'),
(307, '200 MG X 10 COMP'),
(310, '200 MG X 20 COMP'),
(311, '200 MG X 25 CMPR.'),
(312, '200 MG X 25 COMP'),
(315, '200 MG X 30 COMP'),
(317, '200 MG X 40 COMP'),
(319, '200 MG X 6 CMPR.'),
(321, '200 MG X 60 COMP'),
(328, '240 MG AMP X 5'),
(334, '25 MG X 100 COMP'),
(336, '25 MG X 20 CMPR.'),
(344, '25 MG X 50 CMPR.'),
(345, '25 MG X 50 COMP'),
(360, '250 MG X 100 ML'),
(362, '250 MG X 120 ML.'),
(374, '250 MG X 60 ML.'),
(377, '250 MG X 90 ML.'),
(378, '250 SUSP X 60 ML.'),
(415, '300 MG X 100 CMPR.'),
(420, '300 MG X 20 COMP'),
(422, '300 MG X 30 CMPR.'),
(426, '300 MG X 40 COMP'),
(427, '300 MG X 50 CMPR.'),
(428, '300 MG X 50 COMP'),
(438, '325 MG X 25 GRAG'),
(439, '325 MG X 50 GRAG'),
(442, '375 MG X 16 TAB'),
(443, '375 MG X 8 TAB'),
(447, '4 MG X 20 CMPR.'),
(477, '40 UI GEL FCO C/1 SOLV+JER'),
(486, '400 MG X 15 COMP'),
(489, '400 MG X 3 CMPR.'),
(495, '400 MG X 35 COMP'),
(498, '400 MG X 6 CMPR.'),
(509, '5 % CREMA X 5 GRS'),
(520, '5 MG X 20 CMPR.'),
(524, '5 MG X 30 CMPR.'),
(531, '5 MG. X 30 CMPR.'),
(558, '50 MG X 30 CMPR'),
(579, '500 MG FCO AMP X 2'),
(584, '500 MG X 1 AMP'),
(588, '500 MG X 105 ML'),
(590, '500 MG X 120 ML.'),
(591, '500 MG X 14 CMPR'),
(593, '500 MG X 15 COMP'),
(594, '500 MG X 16 CMPR.'),
(601, '500 MG X 21 COMP'),
(604, '500 MG X 25 COMP'),
(606, '500 MG X 30 CMPR DISP'),
(613, '500 MG X 60 ML.'),
(614, '500 MG X 75 ML'),
(615, '500 MG X 8 CMPR.'),
(616, '500 MG X 8 COMP'),
(619, '500 MG X 90 ML.'),
(655, '600 MG TAB EFERV. X 10'),
(656, '600 MG TAB EFERV. X 20'),
(682, '75 MG X 30 COMP'),
(683, '750 MG X 1 AMP'),
(684, '750 MG X 10 CMPR.'),
(685, '750 MG X 15 CMPR.'),
(697, '800 MG X 15 COMP'),
(698, '800 MG X 20 COMP'),
(699, '800 MG X 30 COMP'),
(700, '800 MG X 35 COMP'),
(702, '81 MG X 25 GRAG'),
(703, '81 MG X 50 GRAG'),
(732, 'AMP X 3 X 10 ML'),
(737, 'AMP X 6 X 10 ML'),
(814, 'EFERV 100 MG X 20 COMP'),
(817, 'EFERV 600 MG X 10 COMP'),
(818, 'EFERV 600 MG X 20 COMP'),
(831, 'F 650 MG X 25 GRAG'),
(832, 'F 650 MG X 50 GRAG'),
(853, 'GEL X 175 ML.'),
(857, 'GEL X 350 ML.'),
(934, 'JBE X 150 ML'),
(965, 'MAALOX  SUSP X 175 ML.'),
(1008, 'PDA X 30 GR'),
(1014, 'PED 250 MG X 40 ML'),
(1085, 'SUSP X 125 ML'),
(1104, 'UNG X 10 GRS'),
(1111, 'X 10 CMPR.'),
(1119, 'X 12 SUPOSIT.'),
(1135, 'X 20 CMPR.'),
(1144, 'X 24 COMP'),
(1156, 'X 30 CMPR.'),
(1171, 'X 50 CMPR.'),
(1175, 'X 60 CMPR.');

-- --------------------------------------------------------

--
-- Estructura de tabla para la tabla `producto`
--

DROP TABLE IF EXISTS `producto`;
CREATE TABLE IF NOT EXISTS `producto` (
  `id_producto` int(11) NOT NULL AUTO_INCREMENT,
  `id_presentacion` int(11) NOT NULL,
  `nombre` varchar(100) COLLATE utf8_spanish_ci NOT NULL,
  `codigo_barra` varchar(45) COLLATE utf8_spanish_ci NOT NULL,
  `url_foto` varchar(500) COLLATE utf8_spanish_ci DEFAULT NULL,
  PRIMARY KEY (`id_producto`),
  UNIQUE KEY `chk_codigo` (`codigo_barra`),
  KEY `id_presentacion` (`id_presentacion`)
) ENGINE=InnoDB AUTO_INCREMENT=205 DEFAULT CHARSET=utf8 COLLATE=utf8_spanish_ci;

--
-- Volcado de datos para la tabla `producto`
--

INSERT INTO `producto` (`id_producto`, `id_presentacion`, `nombre`, `codigo_barra`, `url_foto`) VALUES
(1, 147, 'GLUCOBAY', '6154821264491', 'http://127.0.0.1/fotos/img360x360_00115a.png'),
(2, 558, 'GLUCOBAY', '8407293190368', 'http://127.0.0.1/fotos/img360x360_005607.png'),
(4, 447, 'SINTROM', '1503315093127', 'http://127.0.0.1/fotos/img360x360_009840.png'),
(8, 655, 'ACEMUK', '2321831990930', 'http://127.0.0.1/fotos/img360x360_00e5b7.png'),
(9, 656, 'ACEMUK', '8363799871449', 'http://127.0.0.1/fotos/img360x360_01685c.png'),
(10, 125, 'FLUIMUCIL', '6035039661928', 'http://127.0.0.1/fotos/img360x360_025bf2.png'),
(11, 301, 'FLUIMUCIL', '3037566792255', 'http://127.0.0.1/fotos/img360x360_0362f9.png'),
(12, 934, 'ACC', '9577025163782', 'http://127.0.0.1/fotos/img360x360_041baa.png'),
(13, 814, 'ACC', '4314884271933', 'http://127.0.0.1/fotos/img360x360_041c62.png'),
(15, 817, 'ACC', '6017225656507', 'http://127.0.0.1/fotos/img360x360_06be70.png'),
(16, 818, 'ACC', '5408527841576', 'http://127.0.0.1/fotos/img360x360_09f2bf.png'),
(17, 140, 'CARDIOASPIRINA', '7754113111666', 'http://127.0.0.1/fotos/img360x360_0b1fc8.png'),
(19, 438, 'ECOTRIN', '4898378758223', 'http://127.0.0.1/fotos/img360x360_0c0cda.png'),
(20, 439, 'ECOTRIN', '2706760687649', 'http://127.0.0.1/fotos/img360x360_0d7dca.png'),
(21, 702, 'ECOTRIN', '7745529336873', 'http://127.0.0.1/fotos/img360x360_0ef71d.png'),
(22, 703, 'ECOTRIN', '7303620357192', 'http://127.0.0.1/fotos/img360x360_0f6368.png'),
(23, 831, 'ECOTRIN', '9931865970471', 'http://127.0.0.1/fotos/img360x360_0f9b96.png'),
(24, 832, 'ECOTRIN', '3664186020194', 'http://127.0.0.1/fotos/img360x360_1052cf.png'),
(25, 307, 'ACICLOVIR FILAXIS', '2996642476401', 'http://127.0.0.1/fotos/img360x360_10e60d.png'),
(26, 317, 'ACICLOVIR FILAXIS', '8540105559949', 'http://127.0.0.1/fotos/img360x360_119039.png'),
(27, 698, 'ACICLOVIR FILAXIS', '5566711435160', 'http://127.0.0.1/fotos/img360x360_126fd1.png'),
(29, 315, 'XICLOVIR', '1108644364013', 'http://127.0.0.1/fotos/img360x360_12faba.png'),
(30, 698, 'XICLOVIR', '7701954170211', 'http://127.0.0.1/fotos/img360x360_144290.png'),
(33, 1104, 'XICLOVIR', '4620082536148', 'http://127.0.0.1/fotos/img360x360_1685ce.png'),
(34, 311, 'ACERPES', '1711833785149', 'http://127.0.0.1/fotos/img360x360_173a39.png'),
(35, 495, 'ACERPES', '5439059991018', 'http://127.0.0.1/fotos/img360x360_19694b.png'),
(36, 509, 'ACERPES', '5468051216589', 'http://127.0.0.1/fotos/img360x360_199a2b.png'),
(37, 700, 'ACERPES', '3926843327610', 'http://127.0.0.1/fotos/img360x360_1e9bc6.png'),
(38, 312, 'LIXAR', '8471024945084', 'http://127.0.0.1/fotos/img360x360_20ed27.png'),
(39, 486, 'LIXAR', '2800828672728', 'http://127.0.0.1/fotos/img360x360_240f5c.png'),
(42, 509, 'LIXAR', '6201358309821', 'http://127.0.0.1/fotos/img360x360_2523dd.png'),
(43, 697, 'LIXAR', '5646225378561', 'http://127.0.0.1/fotos/img360x360_26b971.png'),
(44, 699, 'LIXAR', '8938538499455', 'http://127.0.0.1/fotos/img360x360_26c3d7.png'),
(45, 1085, 'LIXAR', '9090924977259', 'http://127.0.0.1/fotos/img360x360_278d5b.png'),
(46, 222, 'SOLUTRAT', '1373778743874', 'http://127.0.0.1/fotos/img360x360_28b616.png'),
(48, 222, 'DEXO', '3430183495627', 'http://127.0.0.1/fotos/img360x360_291931.png'),
(50, 427, 'DEXO', '8968816532502', 'http://127.0.0.1/fotos/img360x360_2a0107.png'),
(51, 112, 'NEOTIGASON', '8247694362687', 'http://127.0.0.1/fotos/img360x360_2a1c33.png'),
(52, 344, 'NEOTIGASON', '8947944254707', 'http://127.0.0.1/fotos/img360x360_2fd5a3.png'),
(54, 477, 'ACTHELEA 40 UI', '7048580976958', 'http://127.0.0.1/fotos/img360x360_313ff0.png'),
(55, 302, 'VASTUS', '2425709788927', 'http://127.0.0.1/fotos/img360x360_33a1e8.png'),
(56, 319, 'VASTUS', '8160653695152', 'http://127.0.0.1/fotos/img360x360_341d69.png'),
(57, 489, 'VASTUS 400', '6776446318021', 'http://127.0.0.1/fotos/img360x360_375e90.png'),
(58, 498, 'VASTUS 400', '2983182144435', 'http://127.0.0.1/fotos/img360x360_3911de.png'),
(59, 107, 'ALENATO', '9893672410938', 'http://127.0.0.1/fotos/img360x360_397441.png'),
(60, 107, 'ARENDAL', '3743910300502', 'http://127.0.0.1/fotos/img360x360_39c9ba.png'),
(61, 107, 'LAFEDAN', '6615096948370', 'http://127.0.0.1/fotos/img360x360_400017.png'),
(62, 107, 'REGENESIS', '7904210496885', 'http://127.0.0.1/fotos/img360x360_41efbe.png'),
(63, 107, 'SILIDRAL', '1548841340401', 'http://127.0.0.1/fotos/img360x360_434fd6.png'),
(64, 107, 'FINDECLIN', '6249717787666', 'http://127.0.0.1/fotos/img360x360_4574d9.png'),
(65, 524, 'FINDECLIN', '5438371169186', 'http://127.0.0.1/fotos/img360x360_46215a.png'),
(66, 159, 'ALLOBOXAL', '8505078175022', 'http://127.0.0.1/fotos/img360x360_46d3ef.png'),
(67, 420, 'ALLOBOXAL', '1494820979098', 'http://127.0.0.1/fotos/img360x360_47b06c.png'),
(68, 428, 'ALLOBOXAL', '2183460480734', 'http://127.0.0.1/fotos/img360x360_47fce0.png'),
(71, 132, 'ALLOPURINOL PHOENIX', '8010259681319', 'http://127.0.0.1/fotos/img360x360_48138b.png'),
(72, 153, 'ALLOPURINOL PHOENIX', '1664216201831', 'http://127.0.0.1/fotos/img360x360_4849ee.png'),
(73, 415, 'ALLOPURINOL PHOENIX', '4248297621913', 'http://127.0.0.1/fotos/img360x360_488514.png'),
(74, 426, 'ALLOPURINOL PHOENIX', '1266101977043', 'http://127.0.0.1/fotos/img360x360_497660.png'),
(76, 147, 'GOTIR', '3414866970559', 'http://127.0.0.1/fotos/img360x360_4c3bbe.png'),
(77, 415, 'GOTIR', '7245918517635', 'http://127.0.0.1/fotos/img360x360_4db089.png'),
(78, 422, 'GOTIR', '9237247490443', 'http://127.0.0.1/fotos/img360x360_4f732f.png'),
(79, 853, 'ALDROX', '4279939541321', 'http://127.0.0.1/fotos/img360x360_50d68f.png'),
(81, 853, 'ALUDROX', '4486814387515', 'http://127.0.0.1/fotos/img360x360_50ee4d.png'),
(82, 857, 'ALUDROX', '1712367522065', 'http://127.0.0.1/fotos/img360x360_521d5f.png'),
(83, 1156, 'ALUDROX', '7471973476488', 'http://127.0.0.1/fotos/img360x360_52cfd9.png'),
(85, 1144, 'MYLANTA SIMPLE', '6138411346292', 'http://127.0.0.1/fotos/img360x360_552232.png'),
(86, 965, 'MAALOX ', '6865853057252', 'http://127.0.0.1/fotos/img360x360_564c2b.png'),
(87, 1111, 'VIROSOL', '6844799907152', 'http://127.0.0.1/fotos/img360x360_5653c2.png'),
(88, 183, 'BIKLIN', '6402097474786', 'http://127.0.0.1/fotos/img360x360_580b01.png'),
(90, 579, 'BIKLIN', '5487168011559', 'http://127.0.0.1/fotos/img360x360_586903.png'),
(91, 604, 'IPSILON', '3322007974510', 'http://127.0.0.1/fotos/img360x360_58e9a1.png'),
(92, 732, 'AMINOFILINA NORTHIA', '8946554038026', 'http://127.0.0.1/fotos/img360x360_59a088.png'),
(93, 737, 'AMINOFILINA NORTHIA', '3909530649882', 'http://127.0.0.1/fotos/img360x360_59ab1c.png'),
(95, 138, 'AMINOFILINA RICHET', '8206677452028', 'http://127.0.0.1/fotos/img360x360_59fd97.png'),
(96, 328, 'AMINOFILINA RICHET', '8274811617642', 'http://127.0.0.1/fotos/img360x360_5bb89b.png'),
(97, 1135, 'ATLANSIL', '7249807323008', 'http://127.0.0.1/fotos/img360x360_5caf9b.png'),
(98, 1171, 'ATLANSIL', '7850011724358', 'http://127.0.0.1/fotos/img360x360_5d1454.png'),
(100, 1175, 'CORONOVO', '2266695721844', 'http://127.0.0.1/fotos/img360x360_5de7dd.png'),
(101, 310, 'RITMOCARDYL', '6433738283546', 'http://127.0.0.1/fotos/img360x360_5e1d02.png'),
(102, 321, 'RITMOCARDYL', '5623632974307', 'http://127.0.0.1/fotos/img360x360_5f66f8.png'),
(104, 1171, 'ANGOTEN', '5284934714568', 'http://127.0.0.1/fotos/img360x360_634890.png'),
(105, 334, 'TRYPTANOL', '7224010015598', 'http://127.0.0.1/fotos/img360x360_67edd6.png'),
(106, 345, 'TRYPTANOL', '6061871154102', 'http://127.0.0.1/fotos/img360x360_686108.png'),
(107, 682, 'TRYPTANOL', '1816695383215', 'http://127.0.0.1/fotos/img360x360_68e5db.png'),
(108, 336, 'UXEN RETARD', '3225579109955', 'http://127.0.0.1/fotos/img360x360_6938dc.png'),
(109, 100, 'AMLOC', '3269303835330', 'http://127.0.0.1/fotos/img360x360_69513f.png'),
(112, 524, 'AMLOC', '9805465356933', 'http://127.0.0.1/fotos/img360x360_69c541.png'),
(114, 531, 'ARTERIOSAN', '5369376638393', 'http://127.0.0.1/fotos/img360x360_69ce4c.png'),
(116, 531, 'TERLOC', '4979565835770', 'http://127.0.0.1/fotos/img360x360_6a8b00.png'),
(117, 100, 'ANEXA', '9958910086740', 'http://127.0.0.1/fotos/img360x360_6acc4c.png'),
(118, 107, 'ANEXA', '4537686189198', 'http://127.0.0.1/fotos/img360x360_6c10a3.png'),
(119, 520, 'ANEXA', '8870600445037', 'http://127.0.0.1/fotos/img360x360_6c9410.png'),
(120, 524, 'ANEXA', '1976155407820', 'http://127.0.0.1/fotos/img360x360_72518d.png'),
(121, 374, 'FULLCILINA', '7665622410678', 'http://127.0.0.1/fotos/img360x360_72e0f3.png'),
(122, 377, 'FULLCILINA', '2470984940807', 'http://127.0.0.1/fotos/img360x360_741db3.png'),
(123, 594, 'FULLCILINA', '2730256901698', 'http://127.0.0.1/fotos/img360x360_768879.png'),
(124, 606, 'FULLCILINA', '9949588770403', 'http://127.0.0.1/fotos/img360x360_76ab5d.png'),
(125, 613, 'FULLCILINA', '2072687820383', 'http://127.0.0.1/fotos/img360x360_76f5d6.png'),
(126, 616, 'FULLCILINA', '6204070672276', 'http://127.0.0.1/fotos/img360x360_782dd3.png'),
(127, 619, 'FULLCILINA', '3479260164864', 'http://127.0.0.1/fotos/img360x360_7b99c8.png'),
(128, 185, 'GRINSIL', '3601271241936', 'http://127.0.0.1/fotos/img360x360_7d2000.png'),
(129, 362, 'GRINSIL', '4613808579029', 'http://127.0.0.1/fotos/img360x360_7d319d.png'),
(130, 377, 'GRINSIL', '3757079033255', 'http://127.0.0.1/fotos/img360x360_7d95a6.png'),
(131, 590, 'GRINSIL', '7387970547889', 'http://127.0.0.1/fotos/img360x360_7de2ec.png'),
(132, 594, 'GRINSIL', '1462968695744', 'http://127.0.0.1/fotos/img360x360_7e4e08.png'),
(133, 619, 'GRINSIL', '4214208693106', 'http://127.0.0.1/fotos/img360x360_7f2830.png'),
(134, 684, 'GRINSIL', '5354284700888', 'http://127.0.0.1/fotos/img360x360_7fecd6.png'),
(135, 685, 'GRINSIL', '9030393667783', 'http://127.0.0.1/fotos/img360x360_81055f.png'),
(136, 52, 'NOBACTAM', '9634473179416', 'http://127.0.0.1/fotos/img360x360_8249e7.png'),
(137, 55, 'NOBACTAM', '4863393495227', 'http://127.0.0.1/fotos/img360x360_853c84.png'),
(138, 378, 'NOBACTAM', '4771809837260', 'http://127.0.0.1/fotos/img360x360_858e87.png'),
(141, 588, 'OXIMAR', '8125539660588', 'http://127.0.0.1/fotos/img360x360_89fe38.png'),
(142, 593, 'OXIMAR', '1937592804671', 'http://127.0.0.1/fotos/img360x360_8b8c39.png'),
(143, 601, 'OXIMAR', '3359763215077', 'http://127.0.0.1/fotos/img360x360_8bb6e8.png'),
(144, 614, 'OXIMAR', '2402065859147', 'http://127.0.0.1/fotos/img360x360_91352f.png'),
(145, 51, 'CLAVULOX', '9186728820426', 'http://127.0.0.1/fotos/img360x360_91d61f.png'),
(146, 360, 'CLAVULOX', '3220947227000', 'http://127.0.0.1/fotos/img360x360_9258ca.png'),
(147, 591, 'CLAVULOX', '1828344342789', 'http://127.0.0.1/fotos/img360x360_9326f6.png'),
(150, 594, 'GRINSIL CLAVULANICO', '2983156875010', 'http://127.0.0.1/fotos/img360x360_9519f1.png'),
(151, 619, 'GRINSIL CLAVULANICO', '4702428193807', 'http://127.0.0.1/fotos/img360x360_9b129a.png'),
(153, 187, 'TRIFAMOX IBL', '7239131571762', 'http://127.0.0.1/fotos/img360x360_9b3c33.png'),
(156, 374, 'TRIFAMOX IBL', '6184052469931', 'http://127.0.0.1/fotos/img360x360_9d7ad7.png'),
(157, 590, 'TRIFAMOX IBL', '1217274679597', 'http://127.0.0.1/fotos/img360x360_a0cd0d.png'),
(158, 594, 'TRIFAMOX IBL', '9357620264051', 'http://127.0.0.1/fotos/img360x360_a34579.png'),
(159, 613, 'TRIFAMOX IBL', '5215472143169', 'http://127.0.0.1/fotos/img360x360_a46f96.png'),
(160, 615, 'TRIFAMOX IBL', '6135140618516', 'http://127.0.0.1/fotos/img360x360_a49cb6.png'),
(161, 683, 'TRIFAMOX IBL', '8759153589009', 'http://127.0.0.1/fotos/img360x360_a4c494.png'),
(162, 184, 'GRAMPENIL', '4644562740451', 'http://127.0.0.1/fotos/img360x360_a5aaa9.png'),
(163, 185, 'GRAMPENIL', '7694922602961', 'http://127.0.0.1/fotos/img360x360_a6421a.png'),
(164, 362, 'GRAMPENIL', '1367603471922', 'http://127.0.0.1/fotos/img360x360_a73150.png'),
(165, 584, 'GRAMPENIL', '3480461382983', 'http://127.0.0.1/fotos/img360x360_a822af.png'),
(166, 594, 'GRAMPENIL', '4659891140643', 'http://127.0.0.1/fotos/img360x360_a8b719.png'),
(167, 187, 'HISTOPEN', '6358844004429', 'http://127.0.0.1/fotos/img360x360_a9440d.png'),
(169, 594, 'HISTOPEN', '4145519375262', 'http://127.0.0.1/fotos/img360x360_a96059.png'),
(170, 1014, 'HISTOPEN', '7838186702434', 'http://127.0.0.1/fotos/img360x360_a9762a.png'),
(171, 184, 'TRIFACILINA', '6488722831338', 'http://127.0.0.1/fotos/img360x360_ae7894.png'),
(172, 185, 'TRIFACILINA', '8391232459025', 'http://127.0.0.1/fotos/img360x360_afbcb5.png'),
(177, 184, 'TRIMICRO', '3919141103143', 'http://127.0.0.1/fotos/img360x360_b135db.png'),
(178, 185, 'TRIMICRO', '6527888506512', 'http://127.0.0.1/fotos/img360x360_b29f13.png'),
(179, 187, 'TRIMICRO', '4760941431497', 'http://127.0.0.1/fotos/img360x360_b2b67b.png'),
(180, 374, 'TRIMICRO', '1954178701284', 'http://127.0.0.1/fotos/img360x360_b40961.png'),
(181, 584, 'TRIMICRO', '5171718602505', 'http://127.0.0.1/fotos/img360x360_b54425.png'),
(182, 594, 'TRIMICRO', '8371081974219', 'http://127.0.0.1/fotos/img360x360_b565aa.png'),
(183, 442, 'SULTAMICILINA RICHET', '7358387993624', 'http://127.0.0.1/fotos/img360x360_b5ca81.png'),
(184, 443, 'SULTAMICILINA RICHET', '9157301042680', 'http://127.0.0.1/fotos/img360x360_b8a5bd.png'),
(185, 442, 'UNASYNA', '5698389090127', 'http://127.0.0.1/fotos/img360x360_b8d572.png'),
(186, 443, 'UNASYNA', '4444593199333', 'http://127.0.0.1/fotos/img360x360_b92342.png'),
(188, 1008, 'SCHERIPROCT', '2906491019810', 'http://127.0.0.1/fotos/img360x360_ba0d31.png'),
(189, 1119, 'SCHERIPROCT', '1559161027440', 'http://127.0.0.1/fotos/img360x360_bbbb86.png'),
(191, 1008, 'ULTRAPROCT', '8658621220138', 'http://127.0.0.1/fotos/img360x360_c2e8fc.png'),
(192, 1119, 'ULTRAPROCT', '4480309922824', 'http://127.0.0.1/fotos/img360x360_c32057.png'),
(193, 2, 'ANTRA-DERM', '8877318980010', 'http://127.0.0.1/fotos/img360x360_c4a6f6.png'),
(195, 75, 'ANTRA-DERM', '4247234323344', 'http://127.0.0.1/fotos/img360x360_c5731e.png'),
(196, 30, 'IOPIDINE 0', '6499389586747', 'http://127.0.0.1/fotos/img360x360_c592d3.png'),
(197, 133, 'ATENOLOL GADOR', '7992414419388', 'http://127.0.0.1/fotos/img360x360_c6343a.png'),
(198, 142, 'ATENOLOL GADOR', '2460255577551', 'http://127.0.0.1/fotos/img360x360_c749e7.png');

-- --------------------------------------------------------

--
-- Estructura de tabla para la tabla `telefono`
--

DROP TABLE IF EXISTS `telefono`;
CREATE TABLE IF NOT EXISTS `telefono` (
  `id_telefono` int(11) NOT NULL AUTO_INCREMENT,
  `telefono` varchar(50) COLLATE utf8_spanish_ci NOT NULL,
  PRIMARY KEY (`id_telefono`)
) ENGINE=InnoDB AUTO_INCREMENT=501 DEFAULT CHARSET=utf8 COLLATE=utf8_spanish_ci;

--
-- Volcado de datos para la tabla `telefono`
--

INSERT INTO `telefono` (`id_telefono`, `telefono`) VALUES
(1, '9764-1370'),
(2, '2951-2173'),
(3, '2257-2228'),
(4, '8559-5354'),
(5, '9430-6636'),
(6, '8753-7969'),
(7, '9002-9656'),
(8, '9348-9228'),
(9, '9920-9788'),
(10, '8800-3922'),
(11, '9818-2211'),
(12, '9213-1871'),
(13, '9525-4287'),
(14, '3872-2575'),
(15, '9097-8567'),
(16, '8946-7902'),
(17, '9353-8345'),
(18, '8806-8691'),
(19, '3743-0320'),
(20, '9346-1803'),
(21, '8030-6338'),
(22, '9572-7383'),
(23, '9907-4351'),
(24, '9754-6302'),
(25, '9852-9236'),
(26, '8791-9107'),
(27, '8035-9926'),
(28, '9484-0142'),
(29, '8090-8495'),
(30, '3116-1841'),
(31, '9190-2856'),
(32, '9122-0075'),
(33, '9958-8212'),
(34, '3369-1575'),
(35, '9893-2603'),
(36, '9819-8713'),
(37, '8005-0640'),
(38, '3141-2689'),
(39, '9539-5136'),
(40, '9627-6131'),
(41, '8963-2372'),
(42, '8848-7449'),
(43, '9469-1808'),
(44, '9694-3896'),
(45, '9726-6932'),
(46, '3608-7097'),
(47, '9573-8638'),
(48, '2802-6823'),
(49, '9556-4083'),
(50, '9663-3341'),
(51, '9328-8850'),
(52, '8033-5806'),
(53, '8743-4605'),
(54, '3756-2770'),
(55, '8200-7092'),
(56, '9711-5030'),
(57, '3552-0096'),
(58, '9105-2205'),
(59, '2753-9902'),
(60, '9906-2052'),
(61, '9405-7640'),
(62, '2339-5080'),
(63, '9879-9207'),
(64, '9366-0564'),
(65, '9403-9419'),
(66, '8188-7559'),
(67, '2689-9584'),
(68, '8591-5204'),
(69, '2786-4135'),
(70, '9245-9286'),
(71, '2112-8050'),
(72, '9627-3920'),
(73, '2158-3768'),
(74, '9701-3816'),
(75, '8135-4204'),
(76, '9156-7100'),
(77, '9387-6512'),
(78, '9831-7904'),
(79, '9985-9138'),
(80, '9262-4235'),
(81, '9211-7016'),
(82, '9638-7866'),
(83, '9498-4756'),
(84, '8258-6342'),
(85, '9502-5844'),
(86, '9725-7579'),
(87, '9889-0408'),
(88, '8074-4040'),
(89, '9232-2546'),
(90, '9754-2914'),
(91, '9695-4411'),
(92, '8271-3795'),
(93, '2353-2306'),
(94, '8988-3137'),
(95, '8827-7747'),
(96, '8031-9595'),
(97, '9930-0630'),
(98, '9452-8294'),
(99, '2634-0099'),
(100, '9538-7236'),
(101, '8955-9304'),
(102, '9559-0080'),
(103, '2676-5116'),
(104, '9714-3189'),
(105, '9662-0002'),
(106, '8554-6441'),
(107, '9764-5919'),
(108, '9872-7926'),
(109, '9948-4679'),
(110, '2350-6080'),
(111, '9452-9830'),
(112, '9056-6944'),
(113, '9714-8297'),
(114, '8006-9818'),
(115, '2211-0536'),
(116, '9695-4016'),
(117, '9316-2359'),
(118, '9120-1938'),
(119, '9003-3833'),
(120, '3561-2186'),
(121, '9553-1290'),
(122, '9401-7603'),
(123, '8863-0042'),
(124, '8916-1032'),
(125, '9055-2931'),
(126, '9795-3086'),
(127, '8206-4904'),
(128, '3977-4420'),
(129, '8241-7485'),
(130, '9452-9297'),
(131, '2296-9159'),
(132, '9933-7163'),
(133, '9803-9311'),
(134, '9081-1976'),
(135, '9540-0859'),
(136, '9965-1579'),
(137, '2259-8825'),
(138, '2796-4636'),
(139, '9541-3967'),
(140, '9563-6009'),
(141, '9648-7546'),
(142, '2387-7249'),
(143, '9811-4041'),
(144, '3037-2771'),
(145, '9691-2232'),
(146, '9799-7623'),
(147, '8595-9931'),
(148, '9245-1121'),
(149, '8157-8976'),
(150, '9109-4864'),
(151, '9638-3655'),
(152, '9845-7345'),
(153, '2623-8334'),
(154, '8225-8598'),
(155, '2807-4750'),
(156, '9679-0871'),
(157, '9317-3367'),
(158, '9492-9114'),
(159, '3427-8222'),
(160, '9477-7205'),
(161, '3771-6908'),
(162, '3546-5881'),
(163, '9704-0277'),
(164, '9370-6487'),
(165, '9408-9699'),
(166, '9056-5776'),
(167, '9379-7113'),
(168, '8729-4139'),
(169, '9699-6497'),
(170, '2061-6105'),
(171, '9843-8914'),
(172, '9900-8662'),
(173, '8530-4911'),
(174, '8819-5367'),
(175, '9153-8835'),
(176, '9015-9426'),
(177, '8777-3046'),
(178, '9283-4335'),
(179, '8294-1187'),
(180, '3870-5889'),
(181, '3469-7906'),
(182, '8229-3600'),
(183, '8507-1430'),
(184, '9368-8463'),
(185, '9858-1028'),
(186, '3376-1392'),
(187, '8639-1952'),
(188, '9992-6064'),
(189, '9787-3307'),
(190, '9354-1202'),
(191, '9750-4123'),
(192, '3508-2076'),
(193, '9324-5742'),
(194, '8927-7913'),
(195, '9806-1750'),
(196, '9418-3387'),
(197, '8783-2205'),
(198, '8977-5285'),
(199, '9159-4456'),
(200, '8781-3624'),
(201, '8750-5760'),
(202, '9424-9062'),
(203, '2905-1356'),
(204, '2662-3296'),
(205, '9287-1508'),
(206, '9736-0812'),
(207, '9940-0250'),
(208, '9842-7336'),
(209, '3963-7305'),
(210, '8300-8660'),
(211, '9983-0682'),
(212, '8741-1320'),
(213, '9445-3742'),
(214, '3871-3273'),
(215, '3741-4731'),
(216, '8730-1263'),
(217, '9982-3883'),
(218, '9549-2297'),
(219, '8744-5033'),
(220, '9851-0399'),
(221, '9299-8873'),
(222, '9787-9546'),
(223, '3385-6830'),
(224, '9139-5919'),
(225, '8456-3080'),
(226, '2152-5462'),
(227, '3079-7205'),
(228, '3135-1026'),
(229, '9395-1911'),
(230, '9187-0408'),
(231, '9021-0702'),
(232, '8907-5454'),
(233, '3022-4122'),
(234, '9757-5532'),
(235, '8630-8628'),
(236, '9860-0722'),
(237, '9020-3214'),
(238, '3092-7606'),
(239, '2444-9893'),
(240, '8601-8112'),
(241, '9619-0825'),
(242, '9827-1803'),
(243, '9034-5082'),
(244, '9154-8552'),
(245, '9490-4406'),
(246, '8038-3421'),
(247, '9802-6377'),
(248, '9355-4091'),
(249, '3863-9082'),
(250, '9292-6408'),
(251, '3309-6106'),
(252, '9854-6947'),
(253, '9541-1576'),
(254, '9917-0842'),
(255, '8529-8244'),
(256, '8464-4654'),
(257, '9306-4892'),
(258, '3540-8475'),
(259, '3390-2809'),
(260, '9449-2194'),
(261, '9681-0213'),
(262, '2218-6880'),
(263, '3880-7775'),
(264, '9921-3390'),
(265, '9328-4777'),
(266, '8375-8550'),
(267, '9868-3232'),
(268, '9775-3659'),
(269, '8571-0402'),
(270, '8233-1400'),
(271, '9290-5382'),
(272, '9793-0719'),
(273, '9687-9880'),
(274, '9906-3568'),
(275, '9750-9707'),
(276, '8006-3494'),
(277, '3571-9654'),
(278, '9338-8858'),
(279, '3649-2316'),
(280, '8369-7117'),
(281, '9034-1022'),
(282, '9941-3798'),
(283, '9691-9663'),
(284, '2352-0963'),
(285, '8534-5351'),
(286, '9486-1969'),
(287, '9032-9742'),
(288, '8435-1416'),
(289, '8230-5909'),
(290, '3192-4292'),
(291, '2613-1621'),
(292, '2712-9895'),
(293, '9122-1317'),
(294, '2738-2371'),
(295, '8666-6787'),
(296, '3820-3877'),
(297, '9094-3871'),
(298, '9330-4383'),
(299, '9309-8922'),
(300, '9270-9017'),
(301, '9211-5317'),
(302, '9858-7874'),
(303, '3207-4426'),
(304, '3368-8267'),
(305, '9801-9487'),
(306, '9283-9491'),
(307, '9145-1781'),
(308, '9866-1539'),
(309, '2050-5718'),
(310, '9612-2560'),
(311, '9105-2424'),
(312, '9944-0641'),
(313, '8896-3829'),
(314, '3754-1464'),
(315, '9033-0435'),
(316, '8260-7424'),
(317, '9371-5857'),
(318, '9059-4375'),
(319, '8376-9313'),
(320, '3639-9636'),
(321, '8621-1991'),
(322, '9219-1592'),
(323, '9014-7042'),
(324, '9809-0670'),
(325, '9880-1868'),
(326, '9425-7563'),
(327, '8448-5199'),
(328, '9187-5048'),
(329, '8971-7429'),
(330, '3661-1440'),
(331, '9625-2947'),
(332, '9827-9122'),
(333, '9812-0979'),
(334, '9621-3487'),
(335, '8354-0086'),
(336, '9681-6959'),
(337, '8758-0135'),
(338, '9481-6321'),
(339, '9927-4316'),
(340, '8982-3710'),
(341, '9416-1748'),
(342, '9734-8265'),
(343, '3381-2184'),
(344, '9104-5881'),
(345, '9957-8521'),
(346, '9768-1647'),
(347, '8966-2347'),
(348, '9112-8281'),
(349, '9090-0405'),
(350, '9415-4407'),
(351, '9901-9520'),
(352, '8923-4684'),
(353, '8333-0616'),
(354, '3395-0256'),
(355, '9385-5839'),
(356, '9463-4789'),
(357, '8747-5342'),
(358, '9817-8546'),
(359, '9623-2200'),
(360, '9428-5001'),
(361, '9660-5162'),
(362, '8322-7837'),
(363, '8806-6784'),
(364, '8041-3959'),
(365, '9144-7889'),
(366, '9516-3849'),
(367, '8791-0371'),
(368, '9461-7500'),
(369, '9465-5516'),
(370, '3508-7623'),
(371, '9441-6689'),
(372, '9615-5334'),
(373, '8370-1426'),
(374, '9142-4274'),
(375, '9045-7956'),
(376, '9144-3400'),
(377, '9764-3650'),
(378, '3738-4139'),
(379, '8420-2684'),
(380, '3767-8721'),
(381, '3992-4207'),
(382, '9426-4042'),
(383, '8355-9934'),
(384, '2844-6539'),
(385, '9326-5515'),
(386, '9687-8342'),
(387, '3680-6924'),
(388, '8856-3935'),
(389, '9324-4316'),
(390, '8806-7369'),
(391, '8000-7807'),
(392, '8899-0883'),
(393, '8574-8972'),
(394, '8298-4604'),
(395, '9668-0064'),
(396, '8977-5567'),
(397, '9033-7889'),
(398, '8558-4069'),
(399, '2740-4798'),
(400, '3766-2893'),
(401, '3104-0165'),
(402, '3955-0389'),
(403, '9974-3315'),
(404, '3597-3985'),
(405, '8788-4117'),
(406, '9144-0380'),
(407, '8784-4485'),
(408, '3851-5046'),
(409, '9074-3802'),
(410, '3000-3409'),
(411, '9992-3080'),
(412, '2359-2392'),
(413, '2975-2946'),
(414, '2128-7479'),
(415, '3928-7160'),
(416, '3389-6031'),
(417, '2888-7312'),
(418, '9851-4897'),
(419, '9947-0390'),
(420, '9151-8546'),
(421, '8040-8313'),
(422, '8877-3966'),
(423, '8165-8585'),
(424, '9129-2571'),
(425, '9374-2745'),
(426, '8799-5506'),
(427, '8117-9148'),
(428, '2481-6189'),
(429, '2851-1835'),
(430, '9083-7308'),
(431, '8611-9652'),
(432, '9330-1259'),
(433, '9855-9637'),
(434, '9165-5279'),
(435, '9203-4606'),
(436, '8713-5468'),
(437, '8244-3210'),
(438, '9089-7197'),
(439, '9692-2799'),
(440, '2601-5603'),
(441, '9044-9622'),
(442, '8447-2335'),
(443, '8588-9974'),
(444, '9112-8895'),
(445, '9502-7057'),
(446, '9627-7071'),
(447, '2901-7775'),
(448, '8694-3882'),
(449, '8305-8344'),
(450, '3453-7754'),
(451, '9136-7656'),
(452, '3977-4839'),
(453, '2276-0627'),
(454, '2568-1470'),
(455, '9014-5490'),
(456, '9419-6083'),
(457, '9104-7200'),
(458, '3042-4913'),
(459, '8008-3028'),
(460, '8766-6651'),
(461, '8342-3664'),
(462, '9362-0361'),
(463, '9736-2929'),
(464, '8503-5815'),
(465, '2107-7235'),
(466, '9939-9770'),
(467, '2060-0942'),
(468, '8035-8060'),
(469, '3637-8777'),
(470, '3622-2478'),
(471, '9218-3269'),
(472, '9259-6374'),
(473, '9351-6920'),
(474, '2184-3949'),
(475, '9402-4371'),
(476, '9273-0208'),
(477, '8697-0222'),
(478, '9213-3520'),
(479, '8364-3319'),
(480, '9287-2789'),
(481, '9082-7143'),
(482, '9565-7934'),
(483, '9601-7319'),
(484, '9070-0964'),
(485, '9633-1975'),
(486, '8038-7097'),
(487, '2706-2759'),
(488, '8204-2583'),
(489, '9209-6383'),
(490, '9758-5600'),
(491, '9604-9038'),
(492, '8437-4237'),
(493, '9781-8728'),
(494, '9153-0349'),
(495, '9779-6822'),
(496, '3562-0616'),
(497, '3925-4350'),
(498, '8529-1467'),
(499, '8459-7546'),
(500, '3896-6155');

-- --------------------------------------------------------

--
-- Estructura de tabla para la tabla `telefono_persona`
--

DROP TABLE IF EXISTS `telefono_persona`;
CREATE TABLE IF NOT EXISTS `telefono_persona` (
  `id_persona` int(11) NOT NULL,
  `id_telefono` int(11) NOT NULL,
  KEY `id_persona` (`id_persona`),
  KEY `id_telefono` (`id_telefono`)
) ENGINE=InnoDB DEFAULT CHARSET=utf8 COLLATE=utf8_spanish_ci;

--
-- Volcado de datos para la tabla `telefono_persona`
--

INSERT INTO `telefono_persona` (`id_persona`, `id_telefono`) VALUES
(1, 1),
(2, 2),
(3, 3),
(4, 4),
(5, 5),
(6, 6),
(7, 7),
(8, 8),
(9, 9),
(10, 10),
(11, 11),
(12, 12),
(13, 13),
(14, 14),
(15, 15),
(16, 16),
(17, 17),
(18, 18),
(19, 19),
(20, 20),
(21, 21),
(22, 22),
(23, 23),
(24, 24),
(25, 25),
(26, 26),
(27, 27),
(28, 28),
(29, 29),
(30, 30),
(31, 31),
(32, 32),
(33, 33),
(34, 34),
(35, 35),
(36, 36),
(37, 37),
(38, 38),
(39, 39),
(40, 40),
(41, 41),
(42, 42),
(43, 43),
(44, 44),
(45, 45),
(46, 46),
(47, 47),
(48, 48),
(49, 49),
(50, 50),
(51, 51),
(52, 52),
(53, 53),
(54, 54),
(55, 55),
(56, 56),
(57, 57),
(58, 58),
(59, 59),
(60, 60),
(61, 61),
(62, 62),
(63, 63),
(64, 64),
(65, 65),
(66, 66),
(67, 67),
(68, 68),
(69, 69),
(70, 70),
(71, 71),
(72, 72),
(73, 73),
(74, 74),
(75, 75),
(76, 76),
(77, 77),
(78, 78),
(79, 79),
(80, 80),
(81, 81),
(82, 82),
(83, 83),
(84, 84),
(85, 85),
(86, 86),
(87, 87),
(88, 88),
(89, 89),
(90, 90),
(91, 91),
(92, 92),
(93, 93),
(94, 94),
(95, 95),
(96, 96),
(97, 97),
(98, 98),
(99, 99),
(100, 100),
(101, 101),
(102, 102),
(103, 103),
(104, 104),
(105, 105),
(106, 106),
(107, 107),
(108, 108),
(109, 109),
(110, 110),
(111, 111),
(112, 112),
(113, 113),
(114, 114),
(115, 115),
(116, 116),
(117, 117),
(118, 118),
(119, 119),
(120, 120),
(121, 121),
(122, 122),
(123, 123),
(124, 124),
(125, 125),
(126, 126),
(127, 127),
(128, 128),
(129, 129),
(130, 130),
(131, 131),
(132, 132),
(133, 133),
(134, 134),
(135, 135),
(136, 136),
(137, 137),
(138, 138),
(139, 139),
(140, 140),
(141, 141),
(142, 142),
(143, 143),
(144, 144),
(145, 145),
(146, 146),
(147, 147),
(148, 148),
(149, 149),
(150, 150),
(151, 151),
(152, 152),
(153, 153),
(154, 154),
(155, 155),
(156, 156),
(157, 157),
(158, 158),
(159, 159),
(160, 160),
(161, 161),
(162, 162),
(163, 163),
(164, 164),
(165, 165),
(166, 166),
(167, 167),
(168, 168),
(169, 169),
(170, 170),
(171, 171),
(172, 172),
(173, 173),
(174, 174),
(175, 175),
(176, 176),
(177, 177),
(178, 178),
(179, 179),
(180, 180),
(181, 181),
(182, 182),
(183, 183),
(184, 184),
(185, 185),
(186, 186),
(187, 187),
(188, 188),
(189, 189),
(190, 190),
(191, 191),
(192, 192),
(193, 193),
(194, 194),
(195, 195),
(196, 196),
(197, 197),
(198, 198),
(199, 199),
(200, 200),
(201, 201),
(202, 202),
(203, 203),
(204, 204),
(205, 205),
(206, 206),
(207, 207),
(208, 208),
(209, 209),
(210, 210),
(211, 211),
(212, 212),
(213, 213),
(214, 214),
(215, 215),
(216, 216),
(217, 217),
(218, 218),
(219, 219),
(220, 220),
(221, 221),
(222, 222),
(223, 223),
(224, 224),
(225, 225),
(226, 226),
(227, 227),
(228, 228),
(229, 229),
(230, 230),
(231, 231),
(232, 232),
(233, 233),
(234, 234),
(235, 235),
(236, 236),
(237, 237),
(238, 238),
(239, 239),
(240, 240),
(241, 241),
(242, 242),
(243, 243),
(244, 244),
(245, 245),
(246, 246),
(247, 247),
(248, 248),
(249, 249),
(250, 250),
(251, 251),
(252, 252),
(253, 253),
(254, 254),
(255, 255),
(256, 256),
(257, 257),
(258, 258),
(259, 259),
(260, 260),
(261, 261),
(262, 262),
(263, 263),
(264, 264),
(265, 265),
(266, 266),
(267, 267),
(268, 268),
(269, 269),
(270, 270),
(271, 271),
(272, 272),
(273, 273),
(274, 274),
(275, 275),
(276, 276),
(277, 277),
(278, 278),
(279, 279),
(280, 280),
(281, 281),
(282, 282),
(283, 283),
(284, 284),
(285, 285),
(286, 286),
(287, 287),
(288, 288),
(289, 289),
(290, 290),
(291, 291),
(292, 292),
(293, 293),
(294, 294),
(295, 295),
(296, 296),
(297, 297),
(298, 298),
(299, 299),
(300, 300),
(301, 301),
(302, 302),
(303, 303),
(304, 304),
(305, 305),
(306, 306),
(307, 307),
(308, 308),
(309, 309),
(310, 310),
(311, 311),
(312, 312),
(313, 313),
(314, 314),
(315, 315),
(316, 316),
(317, 317),
(318, 318),
(319, 319),
(320, 320),
(321, 321),
(322, 322),
(323, 323),
(324, 324),
(325, 325),
(326, 326),
(327, 327),
(328, 328),
(329, 329),
(330, 330),
(331, 331),
(332, 332),
(333, 333),
(334, 334),
(335, 335),
(336, 336),
(337, 337),
(338, 338),
(339, 339),
(340, 340),
(341, 341),
(342, 342),
(343, 343),
(344, 344),
(345, 345),
(346, 346),
(347, 347),
(348, 348),
(349, 349),
(350, 350),
(351, 351),
(352, 352),
(353, 353),
(354, 354),
(355, 355),
(356, 356),
(357, 357),
(358, 358),
(359, 359),
(360, 360),
(361, 361),
(362, 362),
(363, 363),
(364, 364),
(365, 365),
(366, 366),
(367, 367),
(368, 368),
(369, 369),
(370, 370),
(371, 371),
(372, 372),
(373, 373),
(374, 374),
(375, 375),
(376, 376),
(377, 377),
(378, 378),
(379, 379),
(380, 380),
(381, 381),
(382, 382),
(383, 383),
(384, 384),
(385, 385),
(386, 386),
(387, 387),
(388, 388),
(389, 389),
(390, 390),
(391, 391),
(392, 392),
(393, 393),
(394, 394),
(395, 395),
(396, 396),
(397, 397),
(398, 398),
(399, 399),
(400, 400),
(401, 401),
(402, 402),
(403, 403),
(404, 404),
(405, 405),
(406, 406),
(407, 407),
(408, 408),
(409, 409),
(410, 410),
(411, 411),
(412, 412),
(413, 413),
(414, 414),
(415, 415),
(416, 416),
(417, 417),
(418, 418),
(419, 419),
(420, 420),
(421, 421),
(422, 422),
(423, 423),
(424, 424),
(425, 425),
(426, 426),
(427, 427),
(428, 428),
(429, 429),
(430, 430),
(431, 431),
(432, 432),
(433, 433),
(434, 434),
(435, 435),
(436, 436),
(437, 437),
(438, 438),
(439, 439),
(440, 440),
(441, 441),
(442, 442),
(443, 443),
(444, 444),
(445, 445),
(446, 446),
(447, 447),
(448, 448),
(449, 449),
(450, 450),
(451, 451),
(452, 452),
(453, 453),
(454, 454),
(455, 455),
(456, 456),
(457, 457),
(458, 458),
(459, 459),
(460, 460),
(461, 461),
(462, 462),
(463, 463),
(464, 464),
(465, 465),
(466, 466),
(467, 467),
(468, 468),
(469, 469),
(470, 470),
(471, 471),
(472, 472),
(473, 473),
(474, 474),
(475, 475),
(476, 476),
(477, 477),
(478, 478),
(479, 479),
(480, 480),
(481, 481),
(482, 482),
(483, 483),
(484, 484),
(485, 485),
(486, 486),
(487, 487),
(488, 488),
(489, 489),
(490, 490),
(491, 491),
(492, 492),
(493, 493),
(494, 494),
(495, 495),
(496, 496),
(497, 497),
(498, 498),
(499, 499),
(500, 500),
(1, 1),
(10, 2),
(100, 3),
(101, 4),
(102, 5),
(103, 6),
(104, 7),
(105, 8),
(106, 9),
(107, 10),
(108, 11),
(109, 12),
(11, 13),
(110, 14),
(111, 15),
(112, 16),
(113, 17),
(114, 18),
(115, 19),
(116, 20),
(117, 21),
(118, 22),
(119, 23),
(12, 24),
(120, 25),
(121, 26),
(122, 27),
(123, 28),
(124, 29),
(125, 30),
(126, 31),
(127, 32),
(128, 33),
(129, 34),
(13, 35),
(130, 36),
(131, 37),
(132, 38),
(133, 39),
(134, 40),
(135, 41),
(136, 42),
(137, 43),
(138, 44),
(139, 45),
(14, 46),
(140, 47),
(141, 48),
(142, 49),
(143, 50),
(144, 51),
(145, 52),
(146, 53),
(147, 54),
(148, 55),
(149, 56),
(15, 57),
(150, 58),
(151, 59),
(152, 60),
(153, 61),
(154, 62),
(155, 63),
(156, 64),
(157, 65),
(158, 66),
(159, 67),
(16, 68),
(160, 69),
(161, 70),
(162, 71),
(163, 72),
(164, 73),
(165, 74),
(166, 75),
(167, 76),
(168, 77),
(169, 78),
(17, 79),
(170, 80),
(171, 81),
(172, 82),
(173, 83),
(174, 84),
(175, 85),
(176, 86),
(177, 87),
(178, 88),
(179, 89),
(18, 90),
(180, 91),
(181, 92),
(182, 93),
(183, 94),
(184, 95),
(185, 96),
(186, 97),
(187, 98),
(188, 99),
(189, 100),
(19, 101),
(190, 102),
(191, 103),
(192, 104),
(193, 105),
(194, 106),
(195, 107),
(196, 108),
(197, 109),
(198, 110),
(199, 111),
(2, 112),
(20, 113),
(200, 114),
(201, 115),
(202, 116),
(203, 117),
(204, 118),
(205, 119),
(206, 120),
(207, 121),
(208, 122),
(209, 123),
(21, 124),
(210, 125),
(211, 126),
(212, 127),
(213, 128),
(214, 129),
(215, 130),
(216, 131),
(217, 132),
(218, 133),
(219, 134),
(22, 135),
(220, 136),
(221, 137),
(222, 138),
(223, 139),
(224, 140),
(225, 141),
(226, 142),
(227, 143),
(228, 144),
(229, 145),
(23, 146),
(230, 147),
(231, 148),
(232, 149),
(233, 150),
(234, 151),
(235, 152),
(236, 153),
(237, 154),
(238, 155),
(239, 156),
(24, 157),
(240, 158),
(241, 159),
(242, 160),
(243, 161),
(244, 162),
(245, 163),
(246, 164),
(247, 165),
(248, 166),
(249, 167),
(25, 168),
(250, 169),
(251, 170),
(252, 171),
(253, 172),
(254, 173),
(255, 174),
(256, 175),
(257, 176),
(258, 177),
(259, 178),
(26, 179),
(260, 180),
(261, 181),
(262, 182),
(263, 183),
(264, 184),
(265, 185),
(266, 186),
(267, 187),
(268, 188),
(269, 189),
(27, 190),
(270, 191),
(271, 192),
(272, 193),
(273, 194),
(274, 195),
(275, 196),
(276, 197),
(277, 198),
(278, 199),
(279, 200),
(28, 201),
(280, 202),
(281, 203),
(282, 204),
(283, 205),
(284, 206),
(285, 207),
(286, 208),
(287, 209),
(288, 210),
(289, 211),
(29, 212),
(290, 213),
(291, 214),
(292, 215),
(293, 216),
(294, 217),
(295, 218),
(296, 219),
(297, 220),
(298, 221),
(299, 222),
(3, 223),
(30, 224),
(300, 225),
(301, 226),
(302, 227),
(303, 228),
(304, 229),
(305, 230),
(306, 231),
(307, 232),
(308, 233),
(309, 234),
(31, 235),
(310, 236),
(311, 237),
(312, 238),
(313, 239),
(314, 240),
(315, 241),
(316, 242),
(317, 243),
(318, 244),
(319, 245),
(32, 246),
(320, 247),
(321, 248),
(322, 249),
(323, 250),
(324, 251),
(325, 252),
(326, 253),
(327, 254),
(328, 255),
(329, 256),
(33, 257),
(330, 258),
(331, 259),
(332, 260),
(333, 261),
(334, 262),
(335, 263),
(336, 264),
(337, 265),
(338, 266),
(339, 267),
(34, 268),
(340, 269),
(341, 270),
(342, 271),
(343, 272),
(344, 273),
(345, 274),
(346, 275),
(347, 276),
(348, 277),
(349, 278),
(35, 279),
(350, 280),
(351, 281),
(352, 282),
(353, 283),
(354, 284),
(355, 285),
(356, 286),
(357, 287),
(358, 288),
(359, 289),
(36, 290),
(360, 291),
(361, 292),
(362, 293),
(363, 294),
(364, 295),
(365, 296),
(366, 297),
(367, 298),
(368, 299),
(369, 300),
(37, 301),
(370, 302),
(371, 303),
(372, 304),
(373, 305),
(374, 306),
(375, 307),
(376, 308),
(377, 309),
(378, 310),
(379, 311),
(38, 312),
(380, 313),
(381, 314),
(382, 315),
(383, 316),
(384, 317),
(385, 318),
(386, 319),
(387, 320),
(388, 321),
(389, 322),
(39, 323),
(390, 324),
(391, 325),
(392, 326),
(393, 327),
(394, 328),
(395, 329),
(396, 330),
(397, 331),
(398, 332),
(399, 333),
(4, 334),
(40, 335),
(400, 336),
(401, 337),
(402, 338),
(403, 339),
(404, 340),
(405, 341),
(406, 342),
(407, 343),
(408, 344),
(409, 345),
(41, 346),
(410, 347),
(411, 348),
(412, 349),
(413, 350),
(414, 351),
(415, 352),
(416, 353),
(417, 354),
(418, 355),
(419, 356),
(42, 357),
(420, 358),
(421, 359),
(422, 360),
(423, 361),
(424, 362),
(425, 363),
(426, 364),
(427, 365),
(428, 366),
(429, 367),
(43, 368),
(430, 369),
(431, 370),
(432, 371),
(433, 372),
(434, 373),
(435, 374),
(436, 375),
(437, 376),
(438, 377),
(439, 378),
(44, 379),
(440, 380),
(441, 381),
(442, 382),
(443, 383),
(444, 384),
(445, 385),
(446, 386),
(447, 387),
(448, 388),
(449, 389),
(45, 390),
(450, 391),
(451, 392),
(452, 393),
(453, 394),
(454, 395),
(455, 396),
(456, 397),
(457, 398),
(458, 399),
(459, 400),
(46, 401),
(460, 402),
(461, 403),
(462, 404),
(463, 405),
(464, 406),
(465, 407),
(466, 408),
(467, 409),
(468, 410),
(469, 411),
(47, 412),
(470, 413),
(471, 414),
(472, 415),
(473, 416),
(474, 417),
(475, 418),
(476, 419),
(477, 420),
(478, 421),
(479, 422),
(48, 423),
(480, 424),
(481, 425),
(482, 426),
(483, 427),
(484, 428),
(485, 429),
(486, 430),
(487, 431),
(488, 432),
(489, 433),
(49, 434),
(490, 435),
(491, 436),
(492, 437),
(493, 438),
(494, 439),
(495, 440),
(496, 441),
(497, 442),
(498, 443),
(499, 444),
(5, 445),
(50, 446),
(500, 447),
(51, 448),
(52, 449),
(53, 450),
(54, 451),
(55, 452),
(56, 453),
(57, 454),
(58, 455),
(59, 456),
(6, 457),
(60, 458),
(61, 459),
(62, 460),
(63, 461),
(64, 462),
(65, 463),
(66, 464),
(67, 465),
(68, 466),
(69, 467),
(7, 468),
(70, 469),
(71, 470),
(72, 471),
(73, 472),
(74, 473),
(75, 474),
(76, 475),
(77, 476),
(78, 477),
(79, 478),
(8, 479),
(80, 480),
(81, 481),
(82, 482),
(83, 483),
(84, 484),
(85, 485),
(86, 486),
(87, 487),
(88, 488),
(89, 489),
(9, 490),
(90, 491),
(91, 492),
(92, 493),
(93, 494),
(94, 495),
(95, 496),
(96, 497),
(97, 498),
(98, 499),
(99, 500);

-- --------------------------------------------------------

--
-- Estructura de tabla para la tabla `tipo_usuario`
--

DROP TABLE IF EXISTS `tipo_usuario`;
CREATE TABLE IF NOT EXISTS `tipo_usuario` (
  `id_tipo_usuario` int(11) NOT NULL AUTO_INCREMENT,
  `tipo_usuario` varchar(45) COLLATE utf8_spanish_ci NOT NULL,
  PRIMARY KEY (`id_tipo_usuario`)
) ENGINE=InnoDB AUTO_INCREMENT=3 DEFAULT CHARSET=utf8 COLLATE=utf8_spanish_ci;

--
-- Volcado de datos para la tabla `tipo_usuario`
--

INSERT INTO `tipo_usuario` (`id_tipo_usuario`, `tipo_usuario`) VALUES
(1, 'Cajero'),
(2, 'Administrador');

-- --------------------------------------------------------

--
-- Estructura de tabla para la tabla `tipo_usuario_empleado`
--

DROP TABLE IF EXISTS `tipo_usuario_empleado`;
CREATE TABLE IF NOT EXISTS `tipo_usuario_empleado` (
  `id_tipo_usuario` int(11) NOT NULL,
  `id_empleado` int(11) NOT NULL,
  KEY `id_tipo_usuario` (`id_tipo_usuario`),
  KEY `id_empleado` (`id_empleado`)
) ENGINE=InnoDB DEFAULT CHARSET=utf8 COLLATE=utf8_spanish_ci;

-- --------------------------------------------------------

--
-- Estructura Stand-in para la vista `ventalote`
-- (Véase abajo para la vista actual)
--
DROP VIEW IF EXISTS `ventalote`;
CREATE TABLE IF NOT EXISTS `ventalote` (
`id_lote` int(11)
,`total_vendido` decimal(32,0)
);

-- --------------------------------------------------------

--
-- Estructura Stand-in para la vista `vistaclientes`
-- (Véase abajo para la vista actual)
--
DROP VIEW IF EXISTS `vistaclientes`;
CREATE TABLE IF NOT EXISTS `vistaclientes` (
`id_cliente` int(11)
,`numero_identidad` varchar(13)
,`nombres` int(1)
,`apellidos` int(1)
,`nombre_completo` int(1)
,`sexo` varchar(1)
,`fecha_nacimiento` date
,`fecha_registro` date
,`id_persona` int(11)
,`direccion` varchar(300)
,`telefonos` varchar(341)
);

-- --------------------------------------------------------

--
-- Estructura Stand-in para la vista `vistaempleado`
-- (Véase abajo para la vista actual)
--
DROP VIEW IF EXISTS `vistaempleado`;
CREATE TABLE IF NOT EXISTS `vistaempleado` (
`id_persona` int(11)
,`id_empleado` int(11)
,`nombres` varchar(101)
,`apellidos` varchar(101)
,`nombre_completo` varchar(203)
);

-- --------------------------------------------------------

--
-- Estructura Stand-in para la vista `vistainventariomercaderia`
-- (Véase abajo para la vista actual)
--
DROP VIEW IF EXISTS `vistainventariomercaderia`;
CREATE TABLE IF NOT EXISTS `vistainventariomercaderia` (
`codigo_barra` varchar(45)
,`id_producto` int(11)
,`id_lote` int(11)
,`lote` varchar(100)
,`existencia` decimal(33,0)
,`producto` varchar(100)
,`presentacion` varchar(50)
,`url_foto` varchar(500)
,`precio_costo` double
,`precio_venta` double
,`fecha_elaboracion` date
,`fecha_vecimiento` date
);

-- --------------------------------------------------------

--
-- Estructura Stand-in para la vista `vistaproductosvencidos`
-- (Véase abajo para la vista actual)
--
DROP VIEW IF EXISTS `vistaproductosvencidos`;
CREATE TABLE IF NOT EXISTS `vistaproductosvencidos` (
`codigo_barra` varchar(45)
,`id_producto` int(11)
,`id_lote` int(11)
,`lote` varchar(100)
,`existencia` decimal(33,0)
,`producto` varchar(100)
,`presentacion` varchar(50)
,`url_foto` varchar(500)
,`precio_costo` double
,`precio_venta` double
,`fecha_elaboracion` date
,`fecha_vecimiento` date
);

-- --------------------------------------------------------

--
-- Estructura Stand-in para la vista `vistatelefonocliente`
-- (Véase abajo para la vista actual)
--
DROP VIEW IF EXISTS `vistatelefonocliente`;
CREATE TABLE IF NOT EXISTS `vistatelefonocliente` (
`id_cliente` int(11)
,`id_persona` int(11)
,`id_telefono` int(11)
,`telefono` varchar(50)
);

-- --------------------------------------------------------

--
-- Estructura Stand-in para la vista `vistatelefonoclienteagrupado`
-- (Véase abajo para la vista actual)
--
DROP VIEW IF EXISTS `vistatelefonoclienteagrupado`;
CREATE TABLE IF NOT EXISTS `vistatelefonoclienteagrupado` (
`id_cliente` int(11)
,`telefonos` varchar(341)
);

-- --------------------------------------------------------

--
-- Estructura para la vista `ingresolote`
--
DROP TABLE IF EXISTS `ingresolote`;

CREATE ALGORITHM=UNDEFINED DEFINER=`root`@`localhost` SQL SECURITY DEFINER VIEW `ingresolote`  AS  (select `dm`.`id_lote` AS `id_lote`,sum(`dm`.`cantidad`) AS `total_ingresado` from (`detalle_movimiento` `dm` join `movimiento_producto` `mp` on((`dm`.`id_movimiento` = `mp`.`id_movimiento`))) where (`mp`.`tipo_movimiento` = 'A') group by `dm`.`id_lote`) ;

-- --------------------------------------------------------

--
-- Estructura para la vista `loteexistencia`
--
DROP TABLE IF EXISTS `loteexistencia`;

CREATE ALGORITHM=UNDEFINED DEFINER=`root`@`localhost` SQL SECURITY DEFINER VIEW `loteexistencia`  AS  select `ilote`.`id_lote` AS `id_lote`,(`ilote`.`total_ingresado` - coalesce((select `vl`.`total_vendido` from `ventalote` `vl` where (`vl`.`id_lote` = `ilote`.`id_lote`)),0)) AS `existencia` from `ingresolote` `ilote` ;

-- --------------------------------------------------------

--
-- Estructura para la vista `ventalote`
--
DROP TABLE IF EXISTS `ventalote`;

CREATE ALGORITHM=UNDEFINED DEFINER=`root`@`localhost` SQL SECURITY DEFINER VIEW `ventalote`  AS  (select `detalle_factura`.`id_lote` AS `id_lote`,sum(`detalle_factura`.`cantidad`) AS `total_vendido` from `detalle_factura` group by `detalle_factura`.`id_lote`) ;

-- --------------------------------------------------------

--
-- Estructura para la vista `vistaclientes`
--
DROP TABLE IF EXISTS `vistaclientes`;

CREATE ALGORITHM=UNDEFINED DEFINER=`root`@`localhost` SQL SECURITY DEFINER VIEW `vistaclientes`  AS  select `cli`.`id_cliente` AS `id_cliente`,`per`.`numero_identidad` AS `numero_identidad`,(`per`.`primer_nombre` or (case when isnull(`per`.`segundo_nombre`) then '' else (' ' or `per`.`segundo_nombre`) end)) AS `nombres`,(`per`.`primer_apellido` or (case when isnull(`per`.`segundo_apellido`) then '' else (' ' or `per`.`segundo_apellido`) end)) AS `apellidos`,(`per`.`primer_nombre` or (case when isnull(`per`.`segundo_nombre`) then '' else (' ' or `per`.`segundo_nombre`) end) or ' ' or `per`.`primer_apellido` or (case when isnull(`per`.`segundo_apellido`) then '' else (' ' or `per`.`segundo_apellido`) end)) AS `nombre_completo`,`per`.`sexo` AS `sexo`,`per`.`fecha_nacimiento` AS `fecha_nacimiento`,`cli`.`fecha_registro` AS `fecha_registro`,`cli`.`id_persona` AS `id_persona`,(case when isnull(`per`.`direccion`) then '' else `per`.`direccion` end) AS `direccion`,(select `vistatelefonoclienteagrupado`.`telefonos` from `vistatelefonoclienteagrupado` where (`vistatelefonoclienteagrupado`.`id_cliente` = `cli`.`id_cliente`)) AS `telefonos` from (`cliente` `cli` join `persona` `per` on((`cli`.`id_persona` = `per`.`id_persona`))) order by `cli`.`id_cliente` ;

-- --------------------------------------------------------

--
-- Estructura para la vista `vistaempleado`
--
DROP TABLE IF EXISTS `vistaempleado`;

CREATE ALGORITHM=UNDEFINED DEFINER=`root`@`localhost` SQL SECURITY DEFINER VIEW `vistaempleado`  AS  select `p`.`id_persona` AS `id_persona`,`e`.`id_empleado` AS `id_empleado`,concat(`p`.`primer_nombre`,(case when isnull(`p`.`segundo_nombre`) then '' else concat(' ',`p`.`segundo_nombre`) end)) AS `nombres`,concat(`p`.`primer_apellido`,(case when isnull(`p`.`segundo_apellido`) then '' else concat(' ',`p`.`segundo_apellido`) end)) AS `apellidos`,concat(concat(`p`.`primer_nombre`,(case when isnull(`p`.`segundo_nombre`) then '' else concat(' ',`p`.`segundo_nombre`) end)),' ',concat(`p`.`primer_apellido`,(case when isnull(`p`.`segundo_apellido`) then '' else concat(' ',`p`.`segundo_apellido`) end))) AS `nombre_completo` from (`persona` `p` join `empleado` `e` on((`p`.`id_persona` = `e`.`id_persona`))) ;

-- --------------------------------------------------------

--
-- Estructura para la vista `vistainventariomercaderia`
--
DROP TABLE IF EXISTS `vistainventariomercaderia`;

CREATE ALGORITHM=UNDEFINED DEFINER=`root`@`localhost` SQL SECURITY DEFINER VIEW `vistainventariomercaderia`  AS  select `p`.`codigo_barra` AS `codigo_barra`,`l`.`id_producto` AS `id_producto`,`l`.`id_lote` AS `id_lote`,`l`.`lote` AS `lote`,`le`.`existencia` AS `existencia`,`p`.`nombre` AS `producto`,`p2`.`presentacion` AS `presentacion`,`p`.`url_foto` AS `url_foto`,`l`.precio_costo_unidad AS `precio_costo`,`l`.precio_venta_unidad AS `precio_venta`,`l`.`fecha_elaboracion` AS `fecha_elaboracion`,`l`.`fecha_vecimiento` AS `fecha_vecimiento` from (((`loteexistencia` `le` join `lote` `l` on((`le`.`id_lote` = `l`.`id_lote`))) join `producto` `p` on((`l`.`id_producto` = `p`.`id_producto`))) join `presentacion` `p2` on((`p`.`id_presentacion` = `p2`.`id_presentacion`))) where (`l`.`fecha_vecimiento` > curdate()) order by `p`.`nombre`,`p2`.`presentacion`,`l`.`fecha_vecimiento` ;

-- --------------------------------------------------------

--
-- Estructura para la vista `vistaproductosvencidos`
--
DROP TABLE IF EXISTS `vistaproductosvencidos`;

CREATE ALGORITHM=UNDEFINED DEFINER=`root`@`localhost` SQL SECURITY DEFINER VIEW `vistaproductosvencidos`  AS  select `p`.`codigo_barra` AS `codigo_barra`,`l`.`id_producto` AS `id_producto`,`l`.`id_lote` AS `id_lote`,`l`.`lote` AS `lote`,`le`.`existencia` AS `existencia`,`p`.`nombre` AS `producto`,`p2`.`presentacion` AS `presentacion`,`p`.`url_foto` AS `url_foto`,`l`.precio_costo_unidad AS `precio_costo`,`l`.precio_venta_unidad AS `precio_venta`,`l`.`fecha_elaboracion` AS `fecha_elaboracion`,`l`.`fecha_vecimiento` AS `fecha_vecimiento` from (((`loteexistencia` `le` join `lote` `l` on((`le`.`id_lote` = `l`.`id_lote`))) join `producto` `p` on((`l`.`id_producto` = `p`.`id_producto`))) join `presentacion` `p2` on((`p`.`id_presentacion` = `p2`.`id_presentacion`))) where ((`l`.`fecha_vecimiento` <= curdate()) and (not(`le`.`id_lote` in (select `dm`.`id_lote` from (`detalle_movimiento` `dm` join `movimiento_producto` `mp` on((`dm`.`id_movimiento` = `mp`.`id_movimiento`))) where (`mp`.`tipo_movimiento` = 'R'))))) ;

-- --------------------------------------------------------

--
-- Estructura para la vista `vistatelefonocliente`
--
DROP TABLE IF EXISTS `vistatelefonocliente`;

CREATE ALGORITHM=UNDEFINED DEFINER=`root`@`localhost` SQL SECURITY DEFINER VIEW `vistatelefonocliente`  AS  select `c`.`id_cliente` AS `id_cliente`,`p`.`id_persona` AS `id_persona`,`tf`.`id_telefono` AS `id_telefono`,`tf`.`telefono` AS `telefono` from (((`telefono_persona` `tp` join `persona` `p` on((`p`.`id_persona` = `tp`.`id_persona`))) join `cliente` `c` on((`c`.`id_cliente` = `p`.`id_persona`))) join `telefono` `tf` on((`tf`.`id_telefono` = `tp`.`id_telefono`))) order by `c`.`id_cliente` ;

-- --------------------------------------------------------

--
-- Estructura para la vista `vistatelefonoclienteagrupado`
--
DROP TABLE IF EXISTS `vistatelefonoclienteagrupado`;

CREATE ALGORITHM=UNDEFINED DEFINER=`root`@`localhost` SQL SECURITY DEFINER VIEW `vistatelefonoclienteagrupado`  AS  select `vistatelefonocliente`.`id_cliente` AS `id_cliente`,(case count(0) when 1 then `vistatelefonocliente`.`telefono` else group_concat(`vistatelefonocliente`.`telefono`,' ' separator '/ ') end) AS `telefonos` from `vistatelefonocliente` group by `vistatelefonocliente`.`id_cliente` ;

--
-- Restricciones para tablas volcadas
--

--
-- Filtros para la tabla `categoria_producto`
--
ALTER TABLE `categoria_producto`
  ADD CONSTRAINT `categoria_producto_ibfk_1` FOREIGN KEY (`id_categoria`) REFERENCES `categoria` (`id_categoria`),
  ADD CONSTRAINT `categoria_producto_ibfk_2` FOREIGN KEY (`id_producto`) REFERENCES `producto` (`id_producto`);

--
-- Filtros para la tabla `ciudad`
--
ALTER TABLE `ciudad`
  ADD CONSTRAINT `ciudad_ibfk_1` FOREIGN KEY (`id_municipio`) REFERENCES `municipio` (`id_municipio`);

--
-- Filtros para la tabla `cliente`
--
ALTER TABLE `cliente`
  ADD CONSTRAINT `fk_id_persona_cliente` FOREIGN KEY (`id_persona`) REFERENCES `persona` (`id_persona`);

--
-- Filtros para la tabla `descuento_lote`
--
ALTER TABLE `descuento_lote`
  ADD CONSTRAINT `descuento_lote_ibfk_1` FOREIGN KEY (`id_lote`) REFERENCES `lote` (`id_lote`),
  ADD CONSTRAINT `descuento_lote_ibfk_2` FOREIGN KEY (`id_descuento`) REFERENCES `descuento` (`id_descuento`);

--
-- Filtros para la tabla `detalle_factura`
--
ALTER TABLE `detalle_factura`
  ADD CONSTRAINT `detalle_factura_ibfk_1` FOREIGN KEY (`id_factura`) REFERENCES `factura` (`id_factura`),
  ADD CONSTRAINT `detalle_factura_ibfk_2` FOREIGN KEY (`id_lote`) REFERENCES `lote` (`id_lote`);

--
-- Filtros para la tabla `detalle_movimiento`
--
ALTER TABLE `detalle_movimiento`
  ADD CONSTRAINT `detalle_movimiento_ibfk_1` FOREIGN KEY (`id_movimiento`) REFERENCES `movimiento_producto` (`id_movimiento`),
  ADD CONSTRAINT `detalle_movimiento_ibfk_2` FOREIGN KEY (`id_lote`) REFERENCES `lote` (`id_lote`);

--
-- Filtros para la tabla `empleado`
--
ALTER TABLE `empleado`
  ADD CONSTRAINT `empleado_ibfk_1` FOREIGN KEY (`id_persona`) REFERENCES `persona` (`id_persona`);

--
-- Filtros para la tabla `factura`
--
ALTER TABLE `factura`
  ADD CONSTRAINT `factura_ibfk_1` FOREIGN KEY (`id_empleado`) REFERENCES `empleado` (`id_empleado`),
  ADD CONSTRAINT `factura_ibfk_2` FOREIGN KEY (`id_cliente`) REFERENCES `cliente` (`id_cliente`),
  ADD CONSTRAINT `factura_ibfk_3` FOREIGN KEY (`id_forma_pago`) REFERENCES `forma_pago` (`id_forma_pago`),
  ADD CONSTRAINT `factura_ibfk_4` FOREIGN KEY (`id_farmacia`) REFERENCES `farmacia` (`id_farmacia`);

--
-- Filtros para la tabla `farmacia`
--
ALTER TABLE `farmacia`
  ADD CONSTRAINT `farmacia_ibfk_1` FOREIGN KEY (`id_ciudad`) REFERENCES `ciudad` (`id_ciudad`);

--
-- Filtros para la tabla `impuesto_producto`
--
ALTER TABLE `impuesto_producto`
  ADD CONSTRAINT `impuesto_producto_ibfk_1` FOREIGN KEY (`id_impuesto`) REFERENCES `impuesto` (`id_impuesto`),
  ADD CONSTRAINT `impuesto_producto_ibfk_2` FOREIGN KEY (`id_producto`) REFERENCES `producto` (`id_producto`);

--
-- Filtros para la tabla `lote`
--
ALTER TABLE `lote`
  ADD CONSTRAINT `lote_ibfk_1` FOREIGN KEY (`id_producto`) REFERENCES `producto` (`id_producto`);

--
-- Filtros para la tabla `medicamentos`
--
ALTER TABLE `medicamentos`
  ADD CONSTRAINT `medicamentos_ibfk_1` FOREIGN KEY (`id_laboratorio`) REFERENCES `laboratorio` (`id_laboratorio`),
  ADD CONSTRAINT `medicamentos_ibfk_2` FOREIGN KEY (`id_producto`) REFERENCES `producto` (`id_producto`);

--
-- Filtros para la tabla `movimiento_producto`
--
ALTER TABLE `movimiento_producto`
  ADD CONSTRAINT `movimiento_producto_ibfk_1` FOREIGN KEY (`id_empleado`) REFERENCES `empleado` (`id_empleado`);

--
-- Filtros para la tabla `municipio`
--
ALTER TABLE `municipio`
  ADD CONSTRAINT `municipio_ibfk_1` FOREIGN KEY (`id_departamento`) REFERENCES `departamento` (`id_departamento`);

--
-- Filtros para la tabla `pantalla_tipo_usuario`
--
ALTER TABLE `pantalla_tipo_usuario`
  ADD CONSTRAINT `pantalla_tipo_usuario_ibfk_1` FOREIGN KEY (`id_pantalla`) REFERENCES `pantalla` (`id_pantalla`),
  ADD CONSTRAINT `pantalla_tipo_usuario_ibfk_2` FOREIGN KEY (`id_tipo_usuario`) REFERENCES `tipo_usuario` (`id_tipo_usuario`);

--
-- Filtros para la tabla `producto`
--
ALTER TABLE `producto`
  ADD CONSTRAINT `producto_ibfk_1` FOREIGN KEY (`id_presentacion`) REFERENCES `presentacion` (`id_presentacion`);

--
-- Filtros para la tabla `telefono_persona`
--
ALTER TABLE `telefono_persona`
  ADD CONSTRAINT `telefono_persona_ibfk_1` FOREIGN KEY (`id_persona`) REFERENCES `persona` (`id_persona`),
  ADD CONSTRAINT `telefono_persona_ibfk_2` FOREIGN KEY (`id_telefono`) REFERENCES `telefono` (`id_telefono`);

--
-- Filtros para la tabla `tipo_usuario_empleado`
--
ALTER TABLE `tipo_usuario_empleado`
  ADD CONSTRAINT `tipo_usuario_empleado_ibfk_1` FOREIGN KEY (`id_tipo_usuario`) REFERENCES `tipo_usuario` (`id_tipo_usuario`),
  ADD CONSTRAINT `tipo_usuario_empleado_ibfk_2` FOREIGN KEY (`id_empleado`) REFERENCES `empleado` (`id_empleado`);
COMMIT;

/*!40101 SET CHARACTER_SET_CLIENT=@OLD_CHARACTER_SET_CLIENT */;
/*!40101 SET CHARACTER_SET_RESULTS=@OLD_CHARACTER_SET_RESULTS */;
/*!40101 SET COLLATION_CONNECTION=@OLD_COLLATION_CONNECTION */;
